1885-03	-1.03%	$98.97
1885-04	3.77%	$102.71
1885-05	-2.83%	$99.80
1885-06	0.57%	$100.37
1885-07	9.77%	$110.17
1885-08	2.46%	$112.88
1885-09	0.63%	$113.59
1885-10	11.49%	$126.65
1885-11	4.07%	$131.80
1885-12	0.17%	$132.02
1886-01	-5.16%	$125.20
1886-02	3.26%	$129.29
1886-03	-2.65%	$125.86
1886-04	-2.66%	$122.52
1886-05	3.50%	$126.81
1886-06	3.27%	$130.95
1886-07	2.45%	$134.17
1886-08	-0.88%	$132.99
1886-09	6.51%	$141.64
1886-10	1.92%	$144.36
1886-11	1.66%	$146.75
1886-12	-2.22%	$143.49
1887-01	-3.48%	$138.50
1887-02	2.94%	$142.57
1887-03	2.54%	$146.19
1887-04	1.17%	$147.90
1887-05	1.31%	$149.84
1887-06	-3.95%	$143.92
1887-07	-4.85%	$136.93
1887-08	-0.59%	$136.12
1887-09	0.74%	$137.13
1887-10	-4.98%	$130.29
1887-11	5.07%	$136.91
1887-12	0.40%	$137.46
1888-01	0.57%	$138.23
1888-02	-1.66%	$135.94
1888-03	-4.54%	$129.76
1888-04	8.25%	$140.47
1888-05	-5.04%	$133.38
1888-06	0.82%	$134.48
1888-07	7.24%	$144.22
1888-08	2.50%	$147.83
1888-09	1.93%	$150.68
1888-10	-1.67%	$148.17
1888-11	-1.32%	$146.21
1888-12	2.82%	$150.34
1889-01	0.95%	$151.76
1889-02	0.01%	$151.77
1889-03	-2.97%	$147.27
1889-04	3.62%	$152.59
1889-05	4.57%	$159.57
1889-06	-0.73%	$158.40
1889-07	-1.50%	$156.03
1889-08	4.19%	$162.56
1889-09	2.55%	$166.71
1889-10	-1.48%	$164.24
1889-11	-0.38%	$163.62
1889-12	1.30%	$165.74
1890-01	1.56%	$168.33
1890-02	-2.85%	$163.53
1890-03	0.97%	$165.13
1890-04	5.83%	$174.75
1890-05	3.05%	$180.09
1890-06	-1.70%	$177.03
1890-07	-1.10%	$175.08
1890-08	-0.70%	$173.85
1890-09	-3.64%	$167.53
1890-10	-4.61%	$159.80
1890-11	-4.67%	$152.33
1890-12	-2.92%	$147.89
1891-01	4.31%	$154.26
1891-02	2.21%	$157.66
1891-03	-0.36%	$157.09
1891-04	6.33%	$167.04
1891-05	-4.29%	$159.88
1891-06	-3.03%	$155.03
1891-07	-2.42%	$151.28
1891-08	13.28%	$171.37
1891-09	1.41%	$173.78
1891-10	-0.03%	$173.73
1891-11	0.40%	$174.42
1891-12	3.72%	$180.91
1892-01	0.49%	$181.80
1892-02	3.01%	$187.27
1892-03	-2.58%	$182.45
1892-04	1.29%	$184.80
1892-05	-1.88%	$181.33
1892-06	0.22%	$181.72
1892-07	2.04%	$185.43
1892-08	-2.65%	$180.51
1892-09	-1.37%	$178.03
1892-10	2.79%	$183.01
1892-11	-4.80%	$174.22
1892-12	0.61%	$175.29
1893-01	3.19%	$180.88
1893-02	-6.05%	$169.94
1893-03	0.64%	$171.03
1893-04	-2.12%	$167.41
1893-05	-9.19%	$152.03
1893-06	-3.05%	$147.39
1893-07	-17.93%	$120.96
1893-08	10.96%	$134.22
1893-09	5.37%	$141.43
1893-10	7.04%	$151.38
1893-11	2.15%	$154.64
1893-12	-9.70%	$139.65
1894-01	6.61%	$148.89
1894-02	0.28%	$149.30
1894-03	4.78%	$156.44
1894-04	-1.29%	$154.42
1894-05	-3.98%	$148.28
1894-06	-1.20%	$146.50
1894-07	-0.98%	$145.06
1894-08	9.14%	$158.32
1894-09	-3.94%	$152.08
1894-10	-4.37%	$145.44
1894-11	-0.09%	$145.30
1894-12	0.50%	$146.03
1895-01	-0.92%	$144.69
1895-02	-2.77%	$140.68
1895-03	6.74%	$150.16
1895-04	5.47%	$158.38
1895-05	6.19%	$168.19
1895-06	0.35%	$168.77
1895-07	5.80%	$178.56
1895-08	2.76%	$183.49
1895-09	-1.17%	$181.34
1895-10	-4.32%	$173.50
1895-11	-1.37%	$171.13
1895-12	-9.05%	$155.63
1896-01	3.98%	$161.82
1896-02	2.21%	$165.40
1896-03	-1.69%	$162.60
1896-04	2.98%	$167.45
1896-05	-2.38%	$163.46
1896-06	-6.18%	$153.35
1896-07	-9.49%	$138.80
1896-08	-0.76%	$137.74
1896-09	10.46%	$152.16
1896-10	4.86%	$159.55
1896-11	3.37%	$164.93
1896-12	-1.92%	$161.77
1897-01	3.52%	$167.45
1897-02	-0.21%	$167.11
1897-03	-4.99%	$158.76
1897-04	-0.82%	$157.46
1897-05	3.01%	$162.19
1897-06	9.10%	$176.96
1897-07	7.25%	$189.78
1897-08	11.82%	$212.22
1897-09	-3.70%	$204.36
1897-10	-2.83%	$198.58
1897-11	-1.15%	$196.29
1897-12	3.96%	$204.06
1898-01	4.92%	$214.10
1898-02	-6.50%	$200.19
1898-03	-2.62%	$194.93
1898-04	-1.06%	$192.87
1898-05	14.55%	$220.94
1898-06	-0.96%	$218.82
1898-07	1.76%	$222.67
1898-08	7.08%	$238.44
1898-09	-5.95%	$224.26
1898-10	2.06%	$228.87
1898-11	5.77%	$242.08
1898-12	5.73%	$255.96
1899-01	8.31%	$277.24
1899-02	2.49%	$284.15
1899-03	6.67%	$303.10
1899-04	1.05%	$306.27
1899-05	-10.28%	$274.79
1899-06	6.59%	$292.90
1899-07	3.06%	$301.88
1899-08	1.23%	$305.59
1899-09	-4.13%	$292.97
1899-10	3.24%	$302.45
1899-11	0.48%	$303.91
1899-12	-8.91%	$276.82
1900-01	1.23%	$280.23
1900-02	-0.18%	$279.73
1900-03	3.97%	$290.84
1900-04	-3.77%	$279.87
1900-05	-1.05%	$276.93
1900-06	-6.01%	$260.27
1900-07	2.96%	$267.97
1900-08	2.03%	$273.40
1900-09	-3.66%	$263.41
1900-10	7.59%	$283.40
1900-11	12.35%	$318.41
1900-12	6.97%	$340.59
1901-01	0.30%	$341.61
1901-02	0.55%	$343.48
1901-03	6.63%	$366.25
1901-04	10.97%	$406.45
1901-05	-2.31%	$397.07
1901-06	3.20%	$409.75
1901-07	-7.03%	$380.95
1901-08	3.81%	$395.48
1901-09	-4.48%	$377.78
1901-10	1.19%	$382.28
1901-11	3.30%	$394.90
1901-12	0.07%	$395.17
1902-01	0.07%	$395.44
1902-02	-0.11%	$394.99
1902-03	2.81%	$406.09
1902-04	3.57%	$420.58
1902-05	-1.12%	$415.87
1902-06	0.17%	$416.55
1902-07	4.33%	$434.60
1902-08	1.29%	$440.19
1902-09	-1.24%	$434.72
1902-10	-1.59%	$427.80
1902-11	-3.59%	$412.43
1902-12	1.95%	$420.47
1903-01	0.52%	$422.67
1903-02	-1.58%	$416.00
1903-03	-3.98%	$399.44
1903-04	-0.36%	$398.01
1903-05	-4.52%	$380.02
1903-06	-0.17%	$379.37
1903-07	-8.34%	$347.73
1903-08	2.77%	$357.36
1903-09	-9.38%	$323.83
1903-10	2.44%	$331.73
1903-11	1.10%	$335.37
1903-12	6.55%	$357.33
1904-01	0.14%	$357.84
1904-02	-4.91%	$340.28
1904-03	4.68%	$356.21
1904-04	-0.03%	$356.09
1904-05	-1.40%	$351.11
1904-06	3.29%	$362.66
1904-07	4.45%	$378.79
1904-08	4.81%	$397.03
1904-09	4.19%	$413.66
1904-10	5.79%	$437.62
1904-11	7.50%	$470.46
1904-12	-1.04%	$465.59
1905-01	2.76%	$478.45
1905-02	3.30%	$494.26
1905-03	2.68%	$507.52
1905-04	-3.04%	$492.11
1905-05	-1.67%	$483.90
1905-06	3.24%	$499.60
1905-07	4.19%	$520.51
1905-08	1.81%	$529.94
1905-09	1.52%	$537.99
1905-10	1.60%	$546.61
1905-11	1.72%	$556.00
1905-12	3.60%	$576.02
1906-01	2.57%	$590.82
1906-02	-4.74%	$562.84
1906-03	2.87%	$578.99
1906-04	-6.12%	$543.55
1906-05	3.95%	$565.04
1906-06	-4.35%	$540.47
1906-07	4.99%	$567.47
1906-08	4.12%	$590.84
1906-09	0.91%	$596.21
1906-10	-2.65%	$580.41
1906-11	3.48%	$600.58
1906-12	-3.13%	$581.77
1907-01	-4.48%	$555.68
1907-02	-2.04%	$544.35
1907-03	-10.47%	$487.36
1907-04	4.69%	$510.22
1907-05	-7.52%	$471.84
1907-06	3.10%	$486.46
1907-07	0.99%	$491.26
1907-08	-6.97%	$457.01
1907-09	-1.15%	$451.76
1907-10	-14.10%	$388.07
1907-11	1.89%	$395.40
1907-12	3.60%	$409.65
1908-01	5.17%	$430.84
1908-02	-4.03%	$413.49
1908-03	7.30%	$443.67
1908-04	5.09%	$466.27
1908-05	3.37%	$481.99
1908-06	0.85%	$486.10
1908-07	8.47%	$527.29
1908-08	3.54%	$545.95
1908-09	-3.35%	$527.68
1908-10	4.30%	$550.37
1908-11	6.28%	$584.95
1908-12	1.73%	$595.08
1909-01	-1.46%	$586.38
1909-02	-1.76%	$576.04
1909-03	5.46%	$607.51
1909-04	2.17%	$620.69
1909-05	2.83%	$638.24
1909-06	1.31%	$646.62
1909-07	3.71%	$670.63
1909-08	0.78%	$675.83
1909-09	1.70%	$687.34
1909-10	-1.14%	$679.53
1909-11	-2.59%	$661.91
1909-12	3.74%	$686.64
1910-01	-5.93%	$645.93
1910-02	0.61%	$649.89
1910-03	-1.12%	$642.61
1910-04	-1.73%	$631.49
1910-05	0.11%	$632.21
1910-06	-6.03%	$594.08
1910-07	-1.84%	$583.17
1910-08	2.51%	$597.79
1910-09	1.94%	$609.36
1910-10	3.70%	$631.90
1910-11	-2.52%	$616.01
1910-12	0.60%	$619.68
1911-01	4.62%	$648.31
1911-02	-0.47%	$645.25
1911-03	0.06%	$645.62
1911-04	0.36%	$647.95
1911-05	2.94%	$667.03
1911-06	1.84%	$679.33
1911-07	0.53%	$682.91
1911-08	-7.62%	$630.86
1911-09	-2.60%	$614.47
1911-10	3.24%	$634.35
1911-11	4.08%	$660.22
1911-12	0.22%	$661.68
1912-01	-0.95%	$655.42
1912-02	1.26%	$663.65
1912-03	4.97%	$696.62
1912-04	2.51%	$714.12
1912-05	-2.20%	$698.39
1912-06	2.33%	$714.67
1912-07	0.39%	$717.45
1912-08	1.96%	$731.49
1912-09	2.22%	$747.74
1912-10	-2.69%	$727.66
1912-11	0.59%	$731.94
1912-12	-2.77%	$711.64
1913-01	-1.81%	$698.79
1913-02	-3.55%	$673.97
1913-03	1.16%	$681.75
1913-04	-2.89%	$662.08
1913-05	0.17%	$663.21
1913-06	-3.34%	$641.09
1913-07	3.40%	$662.91
1913-08	2.65%	$680.51
1913-09	-0.20%	$679.13
1913-10	-2.21%	$664.10
1913-11	-0.99%	$657.54
1913-12	1.90%	$670.06
1914-01	5.71%	$708.29
1914-02	-2.22%	$692.57
1914-03	-0.01%	$692.49
1914-04	-3.15%	$670.66
1914-05	2.65%	$688.43
1914-06	-0.28%	$686.54
1914-07	-11.44%	$607.97
1914-12	1.33%	$616.06
1915-01	3.42%	$637.14
1915-02	-2.45%	$621.54
1915-03	7.90%	$670.62
1915-04	10.50%	$741.05
1915-05	-6.66%	$691.70
1915-06	4.13%	$720.30
1915-07	3.21%	$743.44
1915-08	4.99%	$780.56
1915-09	7.94%	$842.56
1915-10	7.28%	$903.92
1915-11	1.05%	$913.43
1915-12	1.39%	$926.15
1916-01	-7.21%	$859.38
1916-02	0.88%	$866.91
1916-03	1.88%	$883.17
1916-04	-1.35%	$871.27
1916-05	4.15%	$907.42
1916-06	-1.04%	$897.98
1916-07	-0.90%	$889.87
1916-08	2.77%	$914.56
1916-09	8.73%	$994.44
1916-10	0.80%	$1,002.40
1916-11	0.06%	$1,003.02
1916-12	-5.90%	$943.85
1917-01	-0.40%	$940.08
1917-02	-4.11%	$901.41
1917-03	5.24%	$948.66
1917-04	-3.31%	$917.23
1917-05	1.95%	$935.12
1917-06	-0.57%	$929.77
1917-07	-2.16%	$909.72
1917-08	-6.07%	$854.52
1917-09	-1.22%	$844.09
1917-10	-8.50%	$772.31
1917-11	-2.94%	$749.60
1917-12	4.74%	$785.10
1918-01	5.07%	$824.88
1918-02	0.94%	$832.65
1918-03	-2.78%	$809.54
1918-04	0.61%	$814.47
1918-05	3.60%	$843.76
1918-06	3.47%	$873.08
1918-07	-0.43%	$869.35
1918-08	3.16%	$896.86
1918-09	1.63%	$911.45
1918-10	2.62%	$935.33
1918-11	-2.70%	$910.06
1918-12	-0.39%	$906.54
1919-01	-1.82%	$890.08
1919-02	4.42%	$929.42
1919-03	2.49%	$952.52
1919-04	3.68%	$987.57
1919-05	10.90%	$1,095.20
1919-06	-1.08%	$1,083.40
1919-07	0.53%	$1,089.16
1919-08	-3.51%	$1,050.97
1919-09	3.71%	$1,090.01
1919-10	4.20%	$1,135.74
1919-11	-9.68%	$1,025.78
1919-12	2.46%	$1,050.96
1920-01	-1.80%	$1,032.05
1920-02	-6.58%	$964.16
1920-03	8.31%	$1,044.28
1920-04	-6.89%	$972.34
1920-05	-0.16%	$970.79
1920-06	-1.30%	$958.16
1920-07	-0.88%	$949.73
1920-08	3.18%	$979.91
1920-09	0.85%	$988.19
1920-10	2.53%	$1,013.20
1920-11	-7.86%	$933.61
1920-12	-3.04%	$905.24
1921-01	3.45%	$936.51
1921-02	-2.18%	$916.12
1921-03	-0.65%	$910.13
1921-04	2.75%	$935.19
1921-05	-2.54%	$911.47
1921-06	-3.37%	$880.72
1921-07	2.09%	$899.10
1921-08	-1.14%	$888.85
1921-09	4.80%	$931.49
1921-10	0.86%	$939.50
1921-11	5.82%	$994.21
1921-12	1.17%	$1,005.85
1922-01	1.43%	$1,020.26
1922-02	5.61%	$1,077.48
1922-03	3.94%	$1,119.94
1922-04	4.21%	$1,167.11
1922-05	3.32%	$1,205.89
1922-06	-1.56%	$1,187.06
1922-07	5.31%	$1,250.04
1922-08	4.34%	$1,304.31
1922-09	-2.75%	$1,268.48
1922-10	-0.54%	$1,261.69
1922-11	-2.87%	$1,225.49
1922-12	3.08%	$1,263.19
1923-01	0.36%	$1,267.69
1923-02	5.69%	$1,339.81
1923-03	-1.34%	$1,321.88
1923-04	-3.12%	$1,280.68
1923-05	-0.96%	$1,268.36
1923-06	-7.41%	$1,174.34
1923-07	-0.90%	$1,163.75
1923-08	6.37%	$1,237.86
1923-09	-3.73%	$1,191.70
1923-10	1.09%	$1,204.66
1923-11	4.10%	$1,254.05
1923-12	2.18%	$1,281.42
1924-01	4.15%	$1,334.61
1924-02	-2.01%	$1,307.77
1924-03	-1.71%	$1,285.37
1924-04	-0.97%	$1,272.91
1924-05	0.80%	$1,283.14
1924-06	6.27%	$1,363.53
1924-07	6.02%	$1,445.59
1924-08	1.36%	$1,465.30
1924-09	0.14%	$1,467.42
1924-10	0.48%	$1,474.42
1924-11	7.60%	$1,586.41
1924-12	5.98%	$1,681.20
1925-01	2.10%	$1,716.56
1925-02	0.16%	$1,719.37
1925-03	-4.60%	$1,640.25
1925-04	3.04%	$1,690.16
1925-05	6.77%	$1,804.58
1925-06	0.22%	$1,808.62
1925-07	1.82%	$1,841.45
1925-08	4.93%	$1,932.20
1925-09	1.51%	$1,961.36
1925-10	6.29%	$2,084.78
1925-11	-0.36%	$2,077.19
1925-12	4.65%	$2,173.75
1926-01	0.06%	$2,175.15
1926-02	-1.97%	$2,132.28
1926-03	-5.75%	$2,009.73
1926-04	2.89%	$2,067.82
1926-05	1.07%	$2,089.99
1926-06	5.95%	$2,214.40
1926-07	3.18%	$2,284.92
1926-08	3.64%	$2,368.00
1926-09	-1.23%	$2,338.78
1926-10	-3.48%	$2,257.28
1926-11	2.48%	$2,313.21
1926-12	1.84%	$2,355.88
1927-01	0.14%	$2,359.27
1927-02	4.87%	$2,474.11
1927-03	0.69%	$2,491.24
1927-04	2.16%	$2,545.10
1927-05	5.38%	$2,682.08
1927-06	-2.91%	$2,604.09
1927-07	7.52%	$2,799.84
1927-08	2.58%	$2,872.15
1927-09	3.78%	$2,980.72
1927-10	-6.60%	$2,784.12
1927-11	7.51%	$2,993.10
1927-12	0.97%	$3,022.10
1928-01	0.31%	$3,031.52
1928-02	-1.38%	$2,989.68
1928-03	12.10%	$3,351.34
1928-04	2.78%	$3,444.53
1928-05	1.63%	$3,500.70
1928-06	-3.92%	$3,363.34
1928-07	1.85%	$3,425.63
1928-08	7.74%	$3,690.71
1928-09	1.56%	$3,748.35
1928-10	2.91%	$3,857.28
1928-11	12.25%	$4,329.89
1928-12	0.63%	$4,357.00
1929-01	6.09%	$4,622.46
1929-02	-0.28%	$4,609.52
1929-03	0.06%	$4,612.28
1929-04	1.91%	$4,700.24
1929-05	-3.96%	$4,513.97
1929-06	10.63%	$4,993.70
1929-07	5.66%	$5,276.55
1929-08	10.05%	$5,806.91
1929-09	-4.66%	$5,536.20
1929-10	-19.61%	$4,450.55
1929-11	-13.03%	$3,870.52
1929-12	2.93%	$3,984.07
1930-01	6.64%	$4,248.72
1930-02	2.47%	$4,353.47
1930-03	8.31%	$4,715.38
1930-04	-0.63%	$4,685.58
1930-05	-1.32%	$4,623.95
1930-06	-16.02%	$3,883.25
1930-07	4.08%	$4,041.58
1930-08	1.13%	$4,087.32
1930-09	-12.65%	$3,570.26
1930-10	-8.40%	$3,270.53
1930-11	-2.87%	$3,176.80
1930-12	-5.76%	$2,993.73
1931-01	5.99%	$3,173.09
1931-02	11.67%	$3,543.34
1931-03	-7.06%	$3,293.31
1931-04	-9.17%	$2,991.25
1931-05	-13.19%	$2,596.64
1931-06	14.46%	$2,972.00
1931-07	-6.91%	$2,766.63
1931-08	1.43%	$2,806.09
1931-09	-29.38%	$1,981.58
1931-10	8.11%	$2,142.31
1931-11	-8.23%	$1,965.91
1931-12	-13.49%	$1,700.69
1932-01	-1.71%	$1,671.65
1932-02	4.86%	$1,752.95
1932-03	-11.33%	$1,554.39
1932-04	-19.63%	$1,249.26
1932-05	-22.38%	$969.64
1932-06	-0.26%	$967.15
1932-07	36.87%	$1,323.71
1932-08	39.51%	$1,846.72
1932-09	-3.07%	$1,790.07
1932-10	-13.33%	$1,551.51
1932-11	-5.26%	$1,469.86
1932-12	6.18%	$1,560.65
1933-01	0.91%	$1,574.82
1933-02	-17.75%	$1,295.26
1933-03	3.51%	$1,340.78
1933-04	34.31%	$1,800.79
1933-05	23.45%	$2,223.08
1933-06	13.58%	$2,524.92
1933-07	-8.47%	$2,311.13
1933-08	11.79%	$2,583.72
1933-09	-12.07%	$2,271.95
1933-10	-7.42%	$2,103.31
1933-11	10.60%	$2,326.18
1933-12	1.23%	$2,354.80
1934-01	12.42%	$2,647.26
1934-02	-3.36%	$2,558.37
1934-03	-0.96%	$2,533.78
1934-04	-1.15%	$2,504.54
1934-05	-7.71%	$2,311.39
1934-06	2.40%	$2,366.86
1934-07	-11.15%	$2,103.02
1934-08	5.82%	$2,225.32
1934-09	-0.37%	$2,217.17
1934-10	-2.52%	$2,161.20
1934-11	8.63%	$2,347.77
1934-12	0.03%	$2,348.59
1935-01	-3.74%	$2,260.74
1935-02	-3.54%	$2,180.79
1935-03	-2.80%	$2,119.65
1935-04	10.18%	$2,335.34
1935-05	3.57%	$2,418.68
1935-06	7.16%	$2,591.86
1935-07	8.58%	$2,814.15
1935-08	1.79%	$2,864.47
1935-09	3.43%	$2,962.59
1935-10	7.95%	$3,198.15
1935-11	4.16%	$3,331.20
1935-12	4.17%	$3,470.19
1936-01	6.92%	$3,710.30
1936-02	2.32%	$3,796.33
1936-03	2.51%	$3,891.46
1936-04	-7.37%	$3,604.82
1936-05	4.91%	$3,781.88
1936-06	3.39%	$3,910.24
1936-07	7.21%	$4,192.24
1936-08	1.23%	$4,243.87
1936-09	0.55%	$4,267.30
1936-10	8.15%	$4,614.94
1936-11	0.72%	$4,648.07
1936-12	-0.11%	$4,642.93
1937-01	3.76%	$4,817.33
1937-02	1.91%	$4,909.23
1937-03	-0.38%	$4,890.33
1937-04	-7.83%	$4,507.40
1937-05	-0.56%	$4,482.06
1937-06	-4.82%	$4,266.03
1937-07	9.11%	$4,654.46
1937-08	-4.13%	$4,462.12
1937-09	-13.81%	$3,845.73
1937-10	-9.54%	$3,478.84
1937-11	-9.22%	$3,158.07
1937-12	-4.29%	$3,022.65
1938-01	1.80%	$3,076.96
1938-02	6.46%	$3,275.66
1938-03	-24.49%	$2,473.38
1938-04	15.76%	$2,863.29
1938-05	-4.48%	$2,735.09
1938-06	25.17%	$3,423.40
1938-07	6.71%	$3,653.24
1938-08	-2.13%	$3,575.47
1938-09	1.70%	$3,636.43
1938-10	7.94%	$3,925.03
1938-11	-3.01%	$3,806.73
1938-12	3.60%	$3,943.67
1939-01	-5.96%	$3,708.78
1939-02	3.62%	$3,842.94
1939-03	-13.04%	$3,341.96
1939-04	0.13%	$3,346.31
1939-05	6.75%	$3,572.18
1939-06	-5.93%	$3,360.42
1939-07	11.00%	$3,730.22
1939-08	-6.97%	$3,470.06
1939-09	14.68%	$3,979.33
1939-10	0.82%	$4,012.00
1939-11	-4.39%	$3,835.79
1939-12	2.60%	$3,935.56
1940-01	-2.79%	$3,825.94
1940-02	1.10%	$3,868.10
1940-03	0.91%	$3,903.21
1940-04	0.70%	$3,930.48
1940-05	-23.13%	$3,021.36
1940-06	8.16%	$3,267.78
1940-07	3.35%	$3,377.37
1940-08	2.28%	$3,454.21
1940-09	1.84%	$3,517.83
1940-10	4.60%	$3,679.78
1940-11	-4.06%	$3,530.26
1940-12	0.73%	$3,556.17
1941-01	-4.20%	$3,406.84
1941-02	-0.92%	$3,375.34
1941-03	1.07%	$3,411.33
1941-04	-5.70%	$3,217.04
1941-05	1.61%	$3,268.76
1941-06	5.62%	$3,452.39
1941-07	5.77%	$3,651.46
1941-08	-0.79%	$3,622.44
1941-09	-0.39%	$3,608.24
1941-10	-6.13%	$3,387.11
1941-11	-3.37%	$3,273.05
1941-12	-3.82%	$3,148.04
1942-01	2.48%	$3,226.19
1942-02	-2.37%	$3,149.62
1942-03	-5.96%	$2,961.96
1942-04	-3.48%	$2,858.80
1942-05	7.22%	$3,065.32
1942-06	2.43%	$3,139.77
1942-07	3.31%	$3,243.65
1942-08	0.86%	$3,271.43
1942-09	3.03%	$3,370.48
1942-10	6.42%	$3,586.86
1942-11	-0.20%	$3,579.68
1942-12	5.76%	$3,785.99
1943-01	7.39%	$4,065.69
1943-02	5.50%	$4,289.16
1943-03	6.20%	$4,554.88
1943-04	0.70%	$4,586.68
1943-05	4.51%	$4,793.72
1943-06	2.96%	$4,935.41
1943-07	-3.91%	$4,742.43
1943-08	-0.27%	$4,729.51
1943-09	2.67%	$4,855.91
1943-10	-0.91%	$4,811.77
1943-11	-6.94%	$4,477.70
1943-12	6.44%	$4,766.02
1944-01	2.02%	$4,862.41
1944-02	0.20%	$4,872.13
1944-03	2.23%	$4,980.82
1944-04	-0.69%	$4,946.67
1944-05	4.66%	$5,177.15
1944-06	5.48%	$5,460.96
1944-07	-1.93%	$5,355.53
1944-08	1.04%	$5,411.05
1944-09	-0.31%	$5,394.44
1944-10	0.80%	$5,437.45
1944-11	0.85%	$5,483.43
1944-12	3.94%	$5,699.35
1945-01	1.92%	$5,808.91
1945-02	6.52%	$6,187.39
1945-03	-4.35%	$5,918.22
1945-04	9.56%	$6,484.00
1945-05	1.66%	$6,591.45
1945-06	-0.61%	$6,550.96
1945-07	-1.26%	$6,468.32
1945-08	3.49%	$6,693.79
1945-09	6.11%	$7,102.71
1945-10	4.14%	$7,396.96
1945-11	3.57%	$7,660.69
1945-12	1.34%	$7,763.46
1946-01	7.43%	$8,340.29
1946-02	-6.56%	$7,793.57
1946-03	4.84%	$8,170.40
1946-04	4.36%	$8,526.75
1946-05	2.61%	$8,748.91
1946-06	-3.57%	$8,436.85
1946-07	-2.40%	$8,234.49
1946-08	-7.12%	$7,647.83
1946-09	-9.87%	$6,893.04
1946-10	-0.30%	$6,872.36
1946-11	-0.68%	$6,825.77
1946-12	4.63%	$7,141.91
1947-01	2.84%	$7,344.84
1947-02	-1.05%	$7,267.97
1947-03	-1.17%	$7,183.05
1947-04	-3.31%	$6,945.63
1947-05	-0.29%	$6,925.66
1947-06	5.70%	$7,320.32
1947-07	3.87%	$7,603.41
1947-08	-2.55%	$7,409.55
1947-09	-1.02%	$7,333.65
1947-10	2.72%	$7,532.89
1947-11	-2.44%	$7,349.10
1947-12	2.72%	$7,548.77
1948-01	-3.54%	$7,281.18
1948-02	-4.63%	$6,944.20
1948-03	8.87%	$7,560.42
1948-04	3.26%	$7,806.54
1948-05	8.29%	$8,453.67
1948-06	0.72%	$8,514.31
1948-07	-5.05%	$8,084.26
1948-08	1.04%	$8,168.44
1948-09	-2.56%	$7,959.16
1948-10	7.16%	$8,529.28
1948-11	-9.92%	$7,683.01
1948-12	3.75%	$7,971.25
1949-01	0.72%	$8,028.57
1949-02	-3.38%	$7,757.25
1949-03	3.68%	$8,042.92
1949-04	-1.68%	$7,907.91
1949-05	-2.82%	$7,684.98
1949-06	0.44%	$7,718.88
1949-07	6.54%	$8,223.99
1949-08	1.56%	$8,352.02
1949-09	2.96%	$8,599.08
1949-10	3.81%	$8,926.74
1949-11	0.92%	$9,008.86
1949-12	5.27%	$9,483.59
1950-01	2.17%	$9,688.93
1950-02	1.51%	$9,835.14
1950-03	1.06%	$9,939.54
1950-04	4.44%	$10,381.17
1950-05	5.17%	$10,917.79
1950-06	-5.26%	$10,343.44
1950-07	1.35%	$10,483.28
1950-08	3.80%	$10,881.69
1950-09	6.27%	$11,563.76
1950-10	1.37%	$11,722.74
1950-11	0.81%	$11,817.21
1950-12	5.55%	$12,473.31
1951-01	6.63%	$13,299.95
1951-02	1.12%	$13,448.68
1951-03	-0.87%	$13,331.18
1951-04	4.99%	$13,996.31
1951-05	-3.45%	$13,513.70
1951-06	-2.17%	$13,220.56
1951-07	7.21%	$14,174.03
1951-08	4.27%	$14,779.23
1951-09	0.26%	$14,818.22
1951-10	-0.69%	$14,716.66
1951-11	0.34%	$14,766.57
1951-12	4.46%	$15,424.48
1952-01	2.10%	$15,749.11
1952-02	-3.16%	$15,252.15
1952-03	5.29%	$16,059.00
1952-04	-3.75%	$15,456.66
1952-05	2.87%	$15,900.34
1952-06	5.08%	$16,707.47
1952-07	2.10%	$17,057.85
1952-08	-1.14%	$16,864.03
1952-09	-1.55%	$16,602.63
1952-10	0.51%	$16,687.40
1952-11	5.07%	$17,533.02
1952-12	4.08%	$18,248.32
1953-01	-0.25%	$18,203.61
1953-02	-1.41%	$17,947.84
1953-03	-1.87%	$17,612.57
1953-04	-2.11%	$17,241.03
1953-05	0.22%	$17,279.64
1953-06	-1.09%	$17,091.70
1953-07	2.88%	$17,584.21
1953-08	-5.43%	$16,628.80
1953-09	0.59%	$16,726.50
1953-10	5.72%	$17,683.62
1953-11	1.41%	$17,932.31
1953-12	0.79%	$18,073.79
1954-01	5.61%	$19,086.85
1954-02	0.71%	$19,222.98
1954-03	3.54%	$19,902.94
1954-04	5.37%	$20,972.70
1954-05	3.71%	$21,750.16
1954-06	0.48%	$21,855.60
1954-07	6.01%	$23,168.31
1954-08	-3.09%	$22,451.40
1954-09	8.68%	$24,399.39
1954-10	-1.43%	$24,051.06
1954-11	8.52%	$26,099.94
1954-12	5.53%	$27,543.50
1955-01	2.17%	$28,142.27
1955-02	0.68%	$28,333.87
1955-03	-0.08%	$28,310.94
1955-04	4.11%	$29,475.41
1955-05	0.22%	$29,539.79
1955-06	8.51%	$32,054.81
1955-07	6.30%	$34,074.10
1955-08	-0.52%	$33,896.34
1955-09	1.42%	$34,377.30
1955-10	-2.64%	$33,468.75
1955-11	7.83%	$36,088.90
1955-12	0.31%	$36,201.75
1956-01	-3.28%	$35,014.49
1956-02	3.81%	$36,347.96
1956-03	7.22%	$38,973.68
1956-04	0.12%	$39,018.81
1956-05	-6.20%	$36,597.74
1956-06	4.18%	$38,128.63
1956-07	5.37%	$40,177.34
1956-08	-3.56%	$38,747.81
1956-09	-4.32%	$37,074.12
1956-10	0.84%	$37,386.82
1956-11	-0.80%	$37,086.95
1956-12	3.80%	$38,497.44
1957-01	-3.77%	$37,046.15
1957-02	-2.88%	$35,977.63
1957-03	2.32%	$36,811.10
1957-04	4.02%	$38,289.59
1957-05	4.01%	$39,823.56
1957-06	0.15%	$39,882.26
1957-07	1.42%	$40,447.47
1957-08	-5.32%	$38,295.35
1957-09	-5.92%	$36,030.11
1957-10	-2.82%	$35,015.58
1957-11	1.93%	$35,690.64
1957-12	-3.75%	$34,351.63
1958-01	4.67%	$35,956.74
1958-02	-1.70%	$35,344.23
1958-03	3.42%	$36,552.54
1958-04	3.52%	$37,838.90
1958-05	1.82%	$38,526.67
1958-06	2.91%	$39,647.01
1958-07	4.60%	$41,469.96
1958-08	1.45%	$42,070.41
1958-09	5.10%	$44,216.04
1958-10	2.88%	$45,487.32
1958-11	2.49%	$46,619.78
1958-12	5.48%	$49,173.24
1959-01	0.68%	$49,506.50
1959-02	0.25%	$49,630.03
1959-03	0.32%	$49,788.44
1959-04	4.15%	$51,855.29
1959-05	2.14%	$52,964.51
1959-06	-0.09%	$52,916.49
1959-07	3.72%	$54,885.93
1959-08	-1.28%	$54,182.07
1959-09	-4.30%	$51,852.60
1959-10	1.42%	$52,590.18
1959-11	1.57%	$53,415.81
1959-12	3.07%	$55,054.16
1960-01	-6.82%	$51,299.32
1960-02	1.25%	$51,941.94
1960-03	-1.03%	$51,409.46
1960-04	-1.49%	$50,644.09
1960-05	2.95%	$52,139.88
1960-06	2.19%	$53,283.50
1960-07	-2.25%	$52,082.44
1960-08	2.86%	$53,573.30
1960-09	-5.77%	$50,479.52
1960-10	0.06%	$50,510.22
1960-11	4.30%	$52,680.58
1960-12	4.93%	$55,276.07
1961-01	6.64%	$58,947.78
1961-02	2.96%	$60,692.36
1961-03	2.83%	$62,412.38
1961-04	0.61%	$62,792.57
1961-05	2.14%	$64,137.88
1961-06	-2.66%	$62,434.75
1961-07	3.48%	$64,606.93
1961-08	2.18%	$66,016.32
1961-09	-1.75%	$64,862.12
1961-10	3.11%	$66,881.55
1961-11	4.17%	$69,670.04
1961-12	0.56%	$70,062.36
1962-01	-3.49%	$67,618.92
1962-02	1.88%	$68,892.80
1962-03	-0.34%	$68,661.61
1962-04	-5.97%	$64,560.04
1962-05	-8.31%	$59,192.23
1962-06	-7.88%	$54,526.81
1962-07	6.59%	$58,121.85
1962-08	1.77%	$59,153.07
1962-09	-4.60%	$56,434.79
1962-10	0.83%	$56,904.36
1962-11	10.44%	$62,845.76
1962-12	1.65%	$63,883.66
1963-01	5.29%	$67,261.24
1963-02	-2.56%	$65,538.33
1963-03	3.83%	$68,047.91
1963-04	5.09%	$71,510.47
1963-05	1.67%	$72,703.89
1963-06	-1.81%	$71,389.04
1963-07	-0.12%	$71,301.45
1963-08	5.08%	$74,926.40
1963-09	-0.89%	$74,257.30
1963-10	3.56%	$76,903.23
1963-11	-0.79%	$76,296.39
1963-12	2.73%	$78,383.00
1964-01	3.00%	$80,738.24
1964-02	1.25%	$81,744.37
1964-03	1.77%	$83,193.03
1964-04	0.86%	$83,908.91
1964-05	1.37%	$85,058.09
1964-06	1.87%	$86,651.24
1964-07	2.04%	$88,416.09
1964-08	-1.42%	$87,162.35
1964-09	3.09%	$89,857.64
1964-10	1.11%	$90,852.33
1964-11	-0.26%	$90,616.09
1964-12	0.69%	$91,240.88
1965-01	3.58%	$94,510.38
1965-02	0.10%	$94,605.84
1965-03	-1.17%	$93,501.07
1965-04	3.66%	$96,927.65
1965-05	-0.55%	$96,397.09
1965-06	-4.62%	$91,945.62
1965-07	1.56%	$93,380.40
1965-08	2.47%	$95,687.11
1965-09	3.43%	$98,964.59
1965-10	3.02%	$101,954.27
1965-11	-0.60%	$101,337.65
1965-12	1.18%	$102,534.86
1966-01	0.76%	$103,318.96
1966-02	-1.53%	$101,738.30
1966-03	-1.87%	$99,837.56
1966-04	2.29%	$102,124.81
1966-05	-5.15%	$96,869.83
1966-06	-1.36%	$95,550.90
1966-07	-1.11%	$94,485.92
1966-08	-7.48%	$87,417.55
1966-09	-0.44%	$87,031.48
1966-10	5.08%	$91,452.39
1966-11	0.61%	$92,011.99
1966-12	0.16%	$92,155.60
1967-01	8.15%	$99,661.95
1967-02	0.48%	$100,139.41
1967-03	4.21%	$104,356.71
1967-04	4.46%	$109,009.79
1967-05	-4.97%	$103,588.19
1967-06	1.98%	$105,634.55
1967-07	4.75%	$110,651.99
1967-08	-0.93%	$109,627.91
1967-09	3.49%	$113,456.19
1967-10	-3.25%	$109,772.96
1967-11	1.01%	$110,876.68
1967-12	2.88%	$114,073.81
1968-01	-4.07%	$109,434.22
1968-02	-2.83%	$106,340.87
1968-03	1.24%	$107,657.42
1968-04	8.28%	$116,575.70
1968-05	1.50%	$118,320.24
1968-06	1.09%	$119,604.15
1968-07	-1.62%	$117,666.41
1968-08	1.39%	$119,297.68
1968-09	4.07%	$124,153.60
1968-10	0.99%	$125,385.80
1968-11	5.03%	$131,697.47
1968-12	-3.92%	$126,536.84
1969-01	-0.52%	$125,881.17
1969-02	-4.47%	$120,251.61
1969-03	3.71%	$124,708.01
1969-04	2.40%	$127,696.80
1969-05	0.02%	$127,726.64
1969-06	-5.29%	$120,970.78
1969-07	-5.77%	$113,986.34
1969-08	4.25%	$118,828.66
1969-09	-2.25%	$116,152.25
1969-10	4.60%	$121,500.43
1969-11	-3.15%	$117,676.82
1969-12	-1.54%	$115,867.88
1970-01	-7.32%	$107,390.46
1970-02	5.56%	$113,359.91
1970-03	0.48%	$113,902.02
1970-04	-8.75%	$103,938.19
1970-05	-5.76%	$97,947.21
1970-06	-4.68%	$93,359.13
1970-07	7.66%	$100,510.27
1970-08	4.73%	$105,261.00
1970-09	3.70%	$109,151.10
1970-10	-0.93%	$108,133.10
1970-11	5.01%	$113,549.80
1970-12	5.97%	$120,324.88
1971-01	4.34%	$125,544.55
1971-02	1.17%	$127,016.32
1971-03	3.95%	$132,031.32
1971-04	3.87%	$137,146.54
1971-05	-3.91%	$131,779.93
1971-06	-0.69%	$130,866.28
1971-07	-2.92%	$127,038.46
1971-08	3.85%	$131,927.57
1971-09	-0.47%	$131,306.00
1971-10	-3.93%	$126,148.83
1971-11	0.00%	$126,153.33
1971-12	8.86%	$137,332.73
1972-01	2.08%	$140,195.30
1972-02	2.78%	$144,087.30
1972-03	0.84%	$145,299.12
1972-04	0.66%	$146,257.57
1972-05	1.96%	$149,129.86
1972-06	-1.95%	$146,216.89
1972-07	0.44%	$146,860.03
1972-08	3.67%	$152,250.92
1972-09	-0.27%	$151,847.42
1972-10	1.19%	$153,648.22
1972-11	4.77%	$160,982.62
1972-12	1.39%	$163,215.42
1973-01	-1.45%	$160,841.63
1973-02	-3.50%	$155,210.81
1973-03	0.10%	$155,365.66
1973-04	-3.85%	$149,387.70
1973-05	-1.62%	$146,966.04
1973-06	-0.44%	$146,322.19
1973-07	4.01%	$152,196.81
1973-08	-3.42%	$146,985.91
1973-09	4.21%	$153,170.40
1973-10	0.18%	$153,440.12
1973-11	-11.06%	$136,463.83
1973-12	1.98%	$139,164.02
1974-01	-0.64%	$138,277.91
1974-02	-0.04%	$138,220.15
1974-03	-2.06%	$135,378.01
1974-04	-3.62%	$130,481.78
1974-05	-3.03%	$126,525.09
1974-06	-1.19%	$125,017.59
1974-07	-7.43%	$115,729.96
1974-08	-8.61%	$105,761.29
1974-09	-11.56%	$93,539.69
1974-10	16.81%	$109,265.99
1974-11	-4.89%	$103,921.14
1974-12	-1.53%	$102,333.92
1975-01	12.78%	$115,413.15
1975-02	6.35%	$122,740.31
1975-03	2.52%	$125,836.11
1975-04	5.10%	$132,255.96
1975-05	4.73%	$138,517.35
1975-06	4.75%	$145,096.20
1975-07	-6.45%	$135,737.80
1975-08	-1.78%	$133,319.30
1975-09	-3.12%	$129,164.24
1975-10	6.54%	$137,617.29
1975-11	2.76%	$141,414.23
1975-12	-0.78%	$140,306.72
1976-01	12.19%	$157,413.69
1976-02	-0.83%	$156,105.91
1976-03	3.43%	$161,458.18
1976-04	-0.78%	$160,194.63
1976-05	-1.13%	$158,389.27
1976-06	4.39%	$165,348.73
1976-07	-0.51%	$164,511.00
1976-08	-0.20%	$164,187.75
1976-09	2.56%	$168,398.97
1976-10	-1.87%	$165,249.39
1976-11	-0.43%	$164,532.31
1976-12	5.61%	$173,759.05
1977-01	-4.69%	$165,609.73
1977-02	-1.82%	$162,600.64
1977-03	-1.02%	$160,943.85
1977-04	0.39%	$161,571.31
1977-05	-1.96%	$158,408.93
1977-06	4.90%	$166,173.66
1977-07	-1.29%	$164,027.28
1977-08	-1.69%	$161,253.05
1977-09	0.15%	$161,492.13
1977-10	-3.90%	$155,198.57
1977-11	3.13%	$160,056.23
1977-12	0.75%	$161,253.95
1978-01	-5.68%	$152,089.39
1978-02	-2.02%	$149,015.11
1978-03	2.97%	$153,439.76
1978-04	8.97%	$167,205.73
1978-05	0.87%	$168,664.39
1978-06	-1.34%	$166,400.23
1978-07	5.77%	$176,008.35
1978-08	3.01%	$181,298.48
1978-09	-0.37%	$180,626.80
1978-10	-8.69%	$164,924.45
1978-11	2.12%	$168,416.44
1978-12	1.93%	$171,659.70
1979-01	4.49%	$179,360.88
1979-02	-3.20%	$173,627.98
1979-03	5.98%	$184,018.02
1979-04	0.60%	$185,129.08
1979-05	-2.14%	$181,170.16
1979-06	4.27%	$188,910.88
1979-07	1.28%	$191,327.06
1979-08	5.71%	$202,260.41
1979-09	0.34%	$202,950.89
1979-10	-6.37%	$190,022.63
1979-11	4.71%	$198,965.02
1979-12	2.09%	$203,127.21
1980-01	6.27%	$215,859.92
1980-02	0.00%	$215,866.84
1980-03	-9.63%	$195,081.76
1980-04	4.61%	$204,076.61
1980-05	5.11%	$214,500.88
1980-06	3.11%	$221,179.86
1980-07	6.95%	$236,551.51
1980-08	0.99%	$238,882.91
1980-09	2.87%	$245,735.47
1980-10	2.05%	$250,779.00
1980-11	10.52%	$277,170.22
1980-12	-2.94%	$269,011.74
1981-01	-4.15%	$257,849.73
1981-02	1.71%	$262,271.05
1981-03	4.03%	$272,850.91
1981-04	-1.94%	$267,560.02
1981-05	0.23%	$268,167.09
1981-06	-0.61%	$266,530.94
1981-07	0.21%	$267,088.48
1981-08	-5.76%	$251,692.95
1981-09	-4.90%	$239,360.14
1981-10	5.40%	$252,283.03
1981-11	4.06%	$262,526.40
1981-12	-2.52%	$255,917.22
1982-01	-1.29%	$252,628.27
1982-02	-5.57%	$238,568.35
1982-03	-0.41%	$237,592.07
1982-04	4.51%	$248,310.56
1982-05	-3.42%	$239,826.18
1982-06	-1.44%	$236,366.06
1982-07	-1.79%	$232,136.09
1982-08	12.05%	$260,112.70
1982-09	1.17%	$263,162.83
1982-10	11.48%	$293,377.53
1982-11	3.99%	$305,073.66
1982-12	1.98%	$311,127.46
1983-01	3.73%	$322,747.40
1983-02	2.26%	$330,044.13
1983-03	3.74%	$342,387.11
1983-04	7.85%	$369,268.64
1983-05	-0.88%	$366,022.97
1983-06	3.56%	$379,059.40
1983-07	-2.70%	$368,816.68
1983-08	1.51%	$374,381.01
1983-09	1.36%	$379,475.27
1983-10	-1.17%	$375,052.60
1983-11	2.09%	$382,878.49
1983-12	-0.50%	$380,981.39
1984-01	-0.53%	$378,956.75
1984-02	-3.49%	$365,725.42
1984-03	1.77%	$372,193.54
1984-04	0.92%	$375,627.93
1984-05	-5.49%	$355,005.44
1984-06	2.14%	$362,602.07
1984-07	-1.28%	$357,946.66
1984-08	10.97%	$397,219.32
1984-09	-0.05%	$397,019.54
1984-10	0.41%	$398,646.06
1984-11	-1.13%	$394,159.71
1984-12	2.60%	$404,410.31
1985-01	7.87%	$436,231.51
1985-02	1.23%	$441,609.39
1985-03	0.10%	$442,053.68
1985-04	-0.12%	$441,509.27
1985-05	5.73%	$466,803.91
1985-06	1.53%	$473,960.85
1985-07	-0.14%	$473,283.75
1985-08	-0.85%	$469,250.16
1985-09	-3.15%	$454,446.72
1985-10	4.64%	$475,549.95
1985-11	6.80%	$507,908.67
1985-12	4.80%	$532,312.83
1986-01	0.60%	$535,481.06
1986-02	7.42%	$575,230.97
1986-03	5.54%	$607,103.84
1986-04	-1.12%	$600,329.40
1986-05	5.29%	$632,093.20
1986-06	1.69%	$642,779.01
1986-07	-5.59%	$606,875.70
1986-08	7.37%	$651,617.04
1986-09	-8.24%	$597,941.11
1986-10	5.78%	$632,505.14
1986-11	2.38%	$647,580.13
1986-12	-2.54%	$631,102.73
1987-01	13.47%	$716,100.91
1987-02	3.92%	$744,185.31
1987-03	2.88%	$765,626.51
1987-04	-0.89%	$758,799.62
1987-05	0.84%	$765,201.85
1987-06	5.01%	$803,565.18
1987-07	5.06%	$844,242.15
1987-08	3.71%	$875,528.06
1987-09	-2.18%	$856,424.73
1987-10	-21.51%	$672,181.26
1987-11	-8.23%	$616,852.25
1987-12	7.58%	$663,588.07
1988-01	4.34%	$692,402.09
1988-02	4.46%	$723,250.09
1988-03	-3.03%	$701,340.66
1988-04	1.25%	$710,089.30
1988-05	0.63%	$714,589.37
1988-06	4.62%	$747,628.50
1988-07	-0.27%	$745,639.02
1988-08	-3.53%	$719,335.94
1988-09	4.25%	$749,928.45
1988-10	2.89%	$771,590.02
1988-11	-1.59%	$759,296.47
1988-12	1.77%	$772,718.58
1989-01	7.42%	$830,027.94
1989-02	-2.62%	$808,309.91
1989-03	2.37%	$827,490.63
1989-04	5.31%	$871,421.36
1989-05	3.82%	$904,699.72
1989-06	-0.50%	$900,216.76
1989-07	9.10%	$982,095.09
1989-08	1.83%	$1,000,075.87
1989-09	-0.40%	$996,101.13
1989-10	-2.24%	$973,773.83
1989-11	1.91%	$992,406.92
1989-12	2.38%	$1,016,051.14
1990-01	-6.59%	$949,109.48
1990-02	1.11%	$959,678.90
1990-03	2.72%	$985,819.75
1990-04	-2.39%	$962,292.05
1990-05	9.49%	$1,053,621.38
1990-06	-0.63%	$1,046,981.46
1990-07	-0.27%	$1,044,112.81
1990-08	-9.12%	$948,858.49
1990-09	-4.85%	$902,884.88
1990-10	-0.31%	$900,070.87
1990-11	6.29%	$956,718.30
1990-12	2.76%	$983,091.46
1991-01	4.48%	$1,027,171.06
1991-02	6.98%	$1,098,842.35
1991-03	2.47%	$1,125,955.51
1991-04	0.31%	$1,129,432.90
1991-05	4.12%	$1,175,973.76
1991-06	-4.53%	$1,122,700.23
1991-07	4.77%	$1,176,207.77
1991-08	2.23%	$1,202,414.67
1991-09	-1.67%	$1,182,329.85
1991-10	1.46%	$1,199,536.02
1991-11	-4.14%	$1,149,863.26
1991-12	11.41%	$1,281,119.57
1992-01	-1.74%	$1,258,843.86
1992-02	1.18%	$1,273,664.02
1992-03	-1.93%	$1,249,100.16
1992-04	3.05%	$1,287,224.07
1992-05	0.34%	$1,291,616.82
1992-06	-1.45%	$1,272,870.26
1992-07	4.20%	$1,326,298.79
1992-08	-2.15%	$1,297,783.97
1992-09	1.14%	$1,312,527.27
1992-10	0.45%	$1,318,449.52
1992-11	3.23%	$1,361,082.91
1992-12	1.24%	$1,377,939.36
1993-01	0.93%	$1,390,748.93
1993-02	1.07%	$1,405,684.74
1993-03	2.25%	$1,437,312.77
1993-04	-2.55%	$1,400,643.90
1993-05	2.70%	$1,438,526.33
1993-06	0.38%	$1,443,921.23
1993-07	-0.48%	$1,437,023.49
1993-08	3.84%	$1,492,225.61
1993-09	-0.72%	$1,481,509.13
1993-10	1.98%	$1,510,853.43
1993-11	-1.06%	$1,494,844.67
1993-12	1.17%	$1,512,304.55
1994-01	3.50%	$1,565,170.67
1994-02	-2.91%	$1,519,634.11
1994-03	-4.18%	$1,456,090.78
1994-04	1.13%	$1,472,521.83
1994-05	1.60%	$1,496,111.76
1994-06	-2.28%	$1,462,002.02
1994-07	3.24%	$1,509,375.87
1994-08	3.82%	$1,567,050.05
1994-09	-2.51%	$1,527,665.81
1994-10	2.85%	$1,571,215.48
1994-11	-3.97%	$1,508,776.20
1994-12	0.73%	$1,519,817.56
1995-01	3.37%	$1,571,016.96
1995-02	4.09%	$1,635,246.56
1995-03	2.79%	$1,680,926.16
1995-04	2.97%	$1,730,843.81
1995-05	3.98%	$1,799,660.50
1995-06	2.03%	$1,836,193.01
1995-07	3.22%	$1,895,396.91
1995-08	0.45%	$1,903,999.15
1995-09	4.25%	$1,984,843.04
1995-10	-0.29%	$1,979,175.82
1995-11	4.46%	$2,067,370.67
1995-12	1.56%	$2,099,710.68
1996-01	3.57%	$2,174,593.70
1996-02	0.33%	$2,181,697.25
1996-03	1.73%	$2,219,458.71
1996-04	1.09%	$2,243,759.07
1996-05	2.28%	$2,294,882.61
1996-06	0.89%	$2,315,192.73
1996-07	-4.49%	$2,211,340.79
1996-08	1.93%	$2,254,115.65
1996-09	5.59%	$2,380,192.36
1996-10	3.24%	$2,457,357.39
1996-11	7.31%	$2,636,952.48
1996-12	-2.32%	$2,575,736.52
1997-01	6.19%	$2,735,105.78
1997-02	0.96%	$2,761,465.28
1997-03	-4.41%	$2,639,784.20
1997-04	6.27%	$2,805,273.27
1997-05	6.33%	$2,982,821.01
1997-06	4.12%	$3,105,707.83
1997-07	7.94%	$3,352,154.18
1997-08	-5.17%	$3,178,752.57
1997-09	4.82%	$3,331,874.11
1997-10	-2.44%	$3,250,512.88
1997-11	3.88%	$3,376,536.58
1997-12	1.92%	$3,441,301.53
1998-01	1.30%	$3,485,880.93
1998-02	6.94%	$3,727,697.42
1998-03	4.88%	$3,909,789.04
1998-04	1.29%	$3,960,110.34
1998-05	-2.07%	$3,878,153.88
1998-06	4.27%	$4,043,659.87
1998-07	-1.34%	$3,989,343.26
1998-08	-14.11%	$3,426,402.21
1998-09	6.37%	$3,644,669.12
1998-10	8.12%	$3,940,506.81
1998-11	5.58%	$4,160,232.57
1998-12	6.55%	$4,432,700.11
1999-01	3.53%	$4,589,168.89
1999-02	-3.20%	$4,442,319.84
1999-03	4.16%	$4,627,120.25
1999-04	3.81%	$4,803,211.27
1999-05	-2.28%	$4,693,733.08
1999-06	5.55%	$4,954,055.64
1999-07	-3.09%	$4,800,750.05
1999-08	-0.51%	$4,776,281.56
1999-09	-2.23%	$4,669,805.79
1999-10	6.42%	$4,969,426.28
1999-11	1.67%	$5,052,570.38
1999-12	5.72%	$5,341,460.59
2000-01	-4.97%	$5,075,905.77
2000-02	-1.52%	$4,998,994.49
2000-03	9.70%	$5,483,842.87
2000-04	-3.51%	$5,291,623.52
2000-05	-1.56%	$5,208,857.20
2000-06	1.98%	$5,311,930.93
2000-07	-1.56%	$5,228,915.53
2000-08	6.54%	$5,571,055.11
2000-09	-5.47%	$5,266,118.77
2000-10	-0.46%	$5,241,915.43
2000-11	-7.46%	$4,850,973.69
2000-12	-0.51%	$4,826,337.21
2001-01	4.45%	$5,041,308.97
2001-02	-9.53%	$4,560,757.38
2001-03	-5.59%	$4,305,759.88
2001-04	8.55%	$4,673,993.46
2001-05	-0.55%	$4,648,176.44
2001-06	-2.38%	$4,537,766.74
2001-07	-1.01%	$4,491,854.68
2001-08	-5.93%	$4,225,707.26
2001-09	-8.15%	$3,881,138.74
2001-10	1.31%	$3,932,017.26
2001-11	7.81%	$4,238,958.03
2001-12	0.57%	$4,263,085.31
2002-01	-0.97%	$4,221,644.81
2002-02	-1.79%	$4,146,221.04
2002-03	3.33%	$4,284,373.62
2002-04	-5.81%	$4,035,546.52
2002-05	-0.59%	$4,011,932.22
2002-06	-7.37%	$3,716,320.95
2002-07	-7.87%	$3,423,685.34
2002-08	0.69%	$3,447,254.77
2002-09	-10.48%	$3,086,033.84
2002-10	8.24%	$3,340,251.76
2002-11	6.18%	$3,546,547.19
2002-12	-5.66%	$3,345,947.95
2003-01	-2.45%	$3,263,912.17
2003-02	-1.34%	$3,220,147.76
2003-03	0.21%	$3,227,035.33
2003-04	8.47%	$3,500,355.28
2003-05	5.49%	$3,692,591.42
2003-06	1.07%	$3,732,256.05
2003-07	1.81%	$3,799,851.66
2003-08	2.07%	$3,878,531.96
2003-09	-1.08%	$3,836,611.61
2003-10	5.36%	$4,042,321.10
2003-11	1.10%	$4,086,758.79
2003-12	5.04%	$4,292,769.22
2004-01	1.98%	$4,377,965.23
2004-02	1.36%	$4,437,692.88
2004-03	-1.31%	$4,379,503.94
2004-04	-1.88%	$4,296,976.72
2004-05	1.72%	$4,370,882.70
2004-06	1.86%	$4,452,060.44
2004-07	-3.21%	$4,308,960.88
2004-08	0.25%	$4,319,813.80
2004-09	1.01%	$4,363,430.12
2004-10	1.30%	$4,419,999.50
2004-11	4.46%	$4,617,096.77
2004-12	3.02%	$4,756,706.25
2005-01	-2.23%	$4,650,406.39
2005-02	2.10%	$4,747,955.47
2005-03	-1.82%	$4,661,544.70
2005-04	-1.87%	$4,574,570.51
2005-05	3.23%	$4,722,355.74
2005-06	0.16%	$4,729,815.13
2005-07	3.83%	$4,911,152.29
2005-08	-0.93%	$4,865,532.69
2005-09	0.81%	$4,904,807.56
2005-10	-2.36%	$4,789,182.13
2005-11	4.40%	$5,000,071.33
2005-12	-0.18%	$4,990,968.78
2006-01	2.41%	$5,111,205.37
2006-02	0.58%	$5,140,835.54
2006-03	1.66%	$5,226,131.36
2006-04	1.27%	$5,292,524.14
2006-05	-3.00%	$5,133,532.49
2006-06	0.27%	$5,147,532.20
2006-07	0.46%	$5,170,972.16
2006-08	2.19%	$5,284,270.80
2006-09	2.71%	$5,427,319.25
2006-10	3.16%	$5,598,831.28
2006-11	2.00%	$5,710,615.43
2006-12	1.34%	$5,787,389.97
2007-01	1.51%	$5,874,874.23
2007-02	-1.95%	$5,760,035.08
2007-03	1.17%	$5,827,344.15
2007-04	4.44%	$6,085,926.03
2007-05	3.40%	$6,292,879.72
2007-06	-1.46%	$6,201,194.83
2007-07	-3.12%	$6,007,508.04
2007-08	1.29%	$6,085,125.74
2007-09	3.88%	$6,321,064.56
2007-10	1.37%	$6,407,372.23
2007-11	-3.87%	$6,159,684.34
2007-12	-1.13%	$6,090,338.91
2008-01	-6.04%	$5,722,562.58
2008-02	-2.58%	$5,575,095.79
2008-03	-0.90%	$5,525,159.13
2008-04	4.77%	$5,788,977.52
2008-05	1.52%	$5,876,949.23
2008-06	-8.34%	$5,386,655.51
2008-07	-0.89%	$5,338,692.81
2008-08	1.55%	$5,421,621.95
2008-09	-9.43%	$4,910,354.51
2008-10	-16.51%	$4,099,586.51
2008-11	-6.95%	$3,814,501.35
2008-12	0.99%	$3,852,335.95
2009-01	-8.20%	$3,536,270.43
2009-02	-10.74%	$3,156,527.96
2009-03	8.36%	$3,420,329.69
2009-04	9.94%	$3,760,420.92
2009-05	5.85%	$3,980,528.24
2009-06	-0.06%	$3,978,175.58
2009-07	7.47%	$4,275,322.04
2009-08	3.70%	$4,433,599.28
2009-09	3.55%	$4,591,163.37
2009-10	-1.91%	$4,503,268.72
2009-11	6.17%	$4,781,058.20
2009-12	1.92%	$4,872,644.23
2010-01	-3.63%	$4,695,895.75
2010-02	3.13%	$4,842,727.36
2010-03	6.10%	$5,138,116.85
2010-04	1.56%	$5,218,014.58
2010-05	-7.94%	$4,803,781.19
2010-06	-5.17%	$4,555,593.57
2010-07	6.84%	$4,867,125.97
2010-08	-4.49%	$4,648,584.52
2010-09	8.96%	$5,065,280.10
2010-10	3.83%	$5,259,197.60
2010-11	0.01%	$5,259,611.79
2010-12	6.69%	$5,611,648.16
2011-01	2.34%	$5,742,830.89
2011-02	3.48%	$5,942,744.17
2011-03	0.02%	$5,943,892.32
2011-04	2.90%	$6,116,494.19
2011-05	-1.11%	$6,048,377.07
2011-06	-1.68%	$5,946,728.25
2011-07	-1.99%	$5,828,204.21
2011-08	-5.49%	$5,508,271.37
2011-09	-6.94%	$5,126,131.01
2011-10	10.92%	$5,686,079.22
2011-11	-0.40%	$5,663,418.59
2011-12	1.05%	$5,722,995.14
2012-01	4.65%	$5,988,844.32
2012-02	4.35%	$6,249,260.33
2012-03	3.22%	$6,450,747.81
2012-04	-0.66%	$6,408,165.57
2012-05	-6.00%	$6,023,816.63
2012-06	4.06%	$6,268,447.20
2012-07	1.19%	$6,343,099.27
2012-08	2.51%	$6,502,570.92
2012-09	2.54%	$6,667,926.62
2012-10	-1.81%	$6,547,098.14
2012-11	0.57%	$6,584,671.22
2012-12	0.91%	$6,644,420.28
2013-01	5.13%	$6,985,098.41
2013-02	1.28%	$7,074,723.97
2013-03	3.81%	$7,343,939.62
2013-04	1.93%	$7,485,651.04
2013-05	2.37%	$7,663,016.68
2013-06	-1.33%	$7,561,203.14
2013-07	5.18%	$7,952,596.85
2013-08	-2.99%	$7,714,717.56
2013-09	3.18%	$7,959,726.05
2013-10	4.64%	$8,329,032.19
2013-11	2.97%	$8,576,527.29
2013-12	2.60%	$8,799,315.85
2014-01	-3.52%	$8,489,825.04
2014-02	4.56%	$8,876,876.96
2014-03	0.84%	$8,951,354.50
2014-04	0.70%	$9,014,289.48
2014-05	2.33%	$9,224,204.41
2014-06	2.07%	$9,415,271.57
2014-07	-1.34%	$9,289,520.09
2014-08	3.95%	$9,656,875.78
2014-09	-1.37%	$9,524,446.45
2014-10	2.36%	$9,749,595.88
2014-11	2.75%	$10,018,149.36
2014-12	-0.25%	$9,993,325.82
2015-01	-2.96%	$9,697,959.33
2015-02	5.63%	$10,243,756.65
2015-03	-1.57%	$10,083,303.36
2015-04	0.99%	$10,183,262.51
2015-05	1.29%	$10,314,953.51
2015-06	-2.00%	$10,108,454.89
2015-07	2.22%	$10,333,186.04
2015-08	-6.13%	$9,700,065.71
2015-09	-2.49%	$9,458,407.44
2015-10	8.54%	$10,265,923.69
2015-11	0.37%	$10,304,219.09
2015-12	-1.71%	$10,128,036.95
2016-01	-4.97%	$9,624,483.82
2016-02	-0.08%	$9,617,255.82
2016-03	6.73%	$10,264,788.79
2016-04	0.40%	$10,306,055.94
2016-05	1.71%	$10,482,202.76
2016-06	0.36%	$10,519,731.21
2016-07	3.65%	$10,904,215.37
2016-08	0.13%	$10,918,215.22
2016-09	0.02%	$10,919,925.24
2016-10	-1.73%	$10,731,451.93
2016-11	3.69%	$11,127,656.22
2016-12	2.04%	$11,354,253.73
2017-01	1.80%	$11,558,300.66
2017-02	3.94%	$12,013,298.17
2017-03	0.13%	$12,029,449.37
2017-04	1.00%	$12,149,721.01
2017-05	1.42%	$12,322,204.75
2017-06	0.65%	$12,401,773.11
2017-07	2.06%	$12,657,629.51
2017-08	0.30%	$12,695,655.47
2017-09	2.02%	$12,952,328.31
2017-10	2.36%	$13,258,630.45
2017-11	3.06%	$13,664,965.87
2017-12	1.22%	$13,831,167.47
2018-01	5.64%	$14,611,827.82
2018-02	-3.63%	$14,081,541.13
2018-03	-2.73%	$13,696,568.78
2018-04	0.52%	$13,768,438.79
2018-05	2.44%	$14,104,299.45
2018-06	0.58%	$14,186,588.98
2018-07	3.71%	$14,713,310.41
2018-08	3.20%	$15,184,264.29
2018-09	0.60%	$15,275,672.68
2018-10	-6.90%	$14,221,288.59
2018-11	1.86%	$14,486,223.51
2018-12	-8.79%	$13,213,306.02
2019-01	8.02%	$14,272,357.43
2019-02	3.25%	$14,736,055.63
2019-03	1.82%	$15,003,647.86
2019-04	4.09%	$15,617,811.15
2019-05	-6.37%	$14,623,055.05
2019-06	6.97%	$15,641,879.35
2019-07	1.52%	$15,879,685.17
2019-08	-1.67%	$15,615,094.00
2019-09	1.96%	$15,920,452.25
2019-10	2.22%	$16,273,770.70
2019-11	3.63%	$16,864,114.43
2019-12	2.91%	$17,355,104.15
2020-01	-0.03%	$17,349,460.66
2020-02	-7.91%	$15,977,120.84
2020-03	-12.46%	$13,986,854.74
2020-04	12.71%	$15,764,189.37
2020-05	4.77%	$16,516,514.47
2020-06	1.78%	$16,811,248.91
2020-07	5.90%	$17,802,765.31
2020-08	6.99%	$19,046,833.65
2020-09	-3.73%	$18,335,960.99
2020-10	-2.49%	$17,880,257.07
2020-11	10.89%	$19,826,694.88
2020-12	3.72%	$20,563,284.71
2021-01	-1.01%	$20,355,187.00
2021-02	2.79%	$20,922,662.76
2021-03	4.55%	$21,874,540.16
2021-04	5.30%	$23,033,741.42
2021-05	0.66%	$23,186,719.85
2021-06	2.26%	$23,709,742.86
2021-07	2.45%	$24,290,466.79
2021-08	2.98%	$25,015,408.85
2021-09	-4.65%	$23,852,190.91
2021-10	7.02%	$25,527,749.88
2021-11	-0.80%	$25,324,633.57
2021-12	4.64%	$26,499,048.82
2022-01	-5.27%	$25,103,342.88
2022-02	-2.94%	$24,364,105.93
2022-03	3.76%	$25,281,290.97
2022-04	-8.77%	$23,064,114.76
2022-05	0.23%	$23,117,997.58
2022-06	-8.24%	$21,213,150.69
2022-07	9.22%	$23,168,346.22
2022-08	-4.07%	$22,224,952.68
2022-09	-9.23%	$20,172,598.87
2022-10	8.14%	$21,813,849.53
2022-11	5.57%	$23,028,323.52
2022-12	-5.75%	$21,704,163.33
2023-01	6.30%	$23,070,805.18
2023-02	-2.51%	$22,492,347.85
2023-03	3.72%	$23,329,384.00
2023-04	1.60%	$23,703,758.07
2023-05	0.47%	$23,815,142.76
2023-06	6.49%	$25,360,693.05
2023-07	3.28%	$26,192,792.48
2023-08	-1.62%	$25,769,331.55
2023-09	-4.73%	$24,549,883.70
2023-10	-2.16%	$24,018,923.18
2023-11	9.14%	$26,214,960.03
2023-12	4.57%	$27,414,051.74
2024-01	1.60%	$27,852,851.93
2024-02	5.23%	$29,308,597.87
2024-03	3.28%	$30,269,955.90
2024-04	-4.02%	$29,051,883.08
2024-05	5.07%	$30,523,831.24
2024-06	3.54%	$31,603,102.73
2024-07	1.22%	$31,988,424.61
2024-08	2.34%	$32,738,551.16
2024-09	2.11%	$33,428,865.93
2024-10	-0.88%	$33,133,419.19
2024-11	5.97%	$35,111,907.07
2024-12	-2.40%	$34,268,420.35
2025-01	2.69%	$35,191,382.67
2025-02	-1.26%	$34,747,111.59
2025-03	-5.56%	$32,813,560.93
2025-04	-0.86%	$32,531,626.27
2025-05	6.29%	$34,578,787.65
2025-06	5.15%	$36,358,641.42
2025-07	2.31%	$37,199,100.39
2025-08	2.06%	$37,965,396.20
2025-09	3.57%	$39,320,301.32
2025-10	0.46%	$39,499,586.34