1885-03	0.07%	$100.07
1885-04	0.21%	$100.28
1885-05	0.21%	$100.48
1885-06	0.21%	$100.70
1885-07	0.22%	$100.92
1885-08	0.20%	$101.13
1885-09	0.21%	$101.34
1885-10	0.21%	$101.55
1885-11	0.18%	$101.74
1885-12	0.21%	$101.95
1886-01	0.19%	$102.14
1886-02	0.18%	$102.32
1886-03	0.22%	$102.55
1886-04	0.20%	$102.75
1886-05	0.19%	$102.95
1886-06	0.21%	$103.17
1886-07	0.20%	$103.38
1886-08	0.22%	$103.61
1886-09	0.22%	$103.83
1886-10	0.21%	$104.05
1886-11	0.20%	$104.25
1886-12	0.23%	$104.49
1887-01	0.21%	$104.71
1887-02	0.19%	$104.91
1887-03	0.23%	$105.16
1887-04	0.20%	$105.37
1887-05	0.21%	$105.60
1887-06	0.23%	$105.84
1887-07	0.21%	$106.06
1887-08	0.24%	$106.31
1887-09	0.22%	$106.54
1887-10	0.22%	$106.78
1887-11	0.21%	$107.00
1887-12	0.22%	$107.24
1888-01	0.22%	$107.48
1888-02	0.21%	$107.70
1888-03	0.20%	$107.92
1888-04	0.22%	$108.15
1888-05	0.23%	$108.40
1888-06	0.21%	$108.63
1888-07	0.21%	$108.86
1888-08	0.23%	$109.11
1888-09	0.19%	$109.32
1888-10	0.23%	$109.57
1888-11	0.19%	$109.77
1888-12	0.20%	$109.99
1889-01	0.21%	$110.22
1889-02	0.18%	$110.43
1889-03	0.20%	$110.65
1889-04	0.18%	$110.86
1889-05	0.20%	$111.08
1889-06	0.19%	$111.30
1889-07	0.21%	$111.53
1889-08	0.21%	$111.77
1889-09	0.19%	$111.99
1889-10	0.22%	$112.24
1889-11	0.18%	$112.44
1889-12	0.20%	$112.67
1890-01	0.21%	$112.91
1890-02	0.19%	$113.13
1890-03	0.21%	$113.36
1890-04	0.21%	$113.59
1890-05	0.21%	$113.83
1890-06	0.21%	$114.07
1890-07	0.22%	$114.32
1890-08	0.21%	$114.56
1890-09	0.21%	$114.81
1890-10	0.24%	$115.08
1890-11	0.19%	$115.29
1890-12	0.23%	$115.55
1891-01	0.22%	$115.81
1891-02	0.20%	$116.04
1891-03	0.22%	$116.29
1891-04	0.23%	$116.56
1891-05	0.22%	$116.81
1891-06	0.23%	$117.08
1891-07	0.24%	$117.36
1891-08	0.22%	$117.61
1891-09	0.22%	$117.87
1891-10	0.23%	$118.14
1891-11	0.20%	$118.37
1891-12	0.23%	$118.64
1892-01	0.21%	$118.88
1892-02	0.21%	$119.13
1892-03	0.24%	$119.42
1892-04	0.21%	$119.67
1892-05	0.22%	$119.93
1892-06	0.23%	$120.21
1892-07	0.21%	$120.47
1892-08	0.25%	$120.76
1892-09	0.23%	$121.04
1892-10	0.21%	$121.29
1892-11	0.22%	$121.55
1892-12	0.23%	$121.83
1893-01	0.23%	$122.11
1893-02	0.21%	$122.36
1893-03	0.24%	$122.65
1893-04	0.21%	$122.91
1893-05	0.24%	$123.20
1893-06	0.24%	$123.49
1893-07	0.22%	$123.76
1893-08	0.25%	$124.07
1893-09	0.22%	$124.34
1893-10	0.24%	$124.63
1893-11	0.21%	$124.90
1893-12	0.21%	$125.17
1894-01	0.24%	$125.46
1894-02	0.20%	$125.71
1894-03	0.22%	$125.99
1894-04	0.22%	$126.27
1894-05	0.23%	$126.56
1894-06	0.22%	$126.83
1894-07	0.21%	$127.10
1894-08	0.23%	$127.40
1894-09	0.19%	$127.64
1894-10	0.23%	$127.93
1894-11	0.20%	$128.19
1894-12	0.20%	$128.44
1895-01	0.22%	$128.71
1895-02	0.19%	$128.95
1895-03	0.21%	$129.22
1895-04	0.21%	$129.49
1895-05	0.22%	$129.78
1895-06	0.20%	$130.04
1895-07	0.22%	$130.33
1895-08	0.22%	$130.62
1895-09	0.20%	$130.88
1895-10	0.24%	$131.19
1895-11	0.20%	$131.45
1895-12	0.22%	$131.73
1896-01	0.23%	$132.03
1896-02	0.19%	$132.28
1896-03	0.22%	$132.58
1896-04	0.21%	$132.86
1896-05	0.21%	$133.14
1896-06	0.22%	$133.43
1896-07	0.23%	$133.74
1896-08	0.21%	$134.01
1896-09	0.21%	$134.29
1896-10	0.21%	$134.57
1896-11	0.18%	$134.82
1896-12	0.21%	$135.10
1897-01	0.19%	$135.36
1897-02	0.17%	$135.59
1897-03	0.22%	$135.89
1897-04	0.19%	$136.15
1897-05	0.19%	$136.40
1897-06	0.21%	$136.69
1897-07	0.20%	$136.96
1897-08	0.21%	$137.24
1897-09	0.20%	$137.51
1897-10	0.20%	$137.78
1897-11	0.19%	$138.04
1897-12	0.21%	$138.34
1898-01	0.20%	$138.61
1898-02	0.18%	$138.85
1898-03	0.21%	$139.14
1898-04	0.19%	$139.41
1898-05	0.18%	$139.66
1898-06	0.20%	$139.93
1898-07	0.18%	$140.18
1898-08	0.20%	$140.46
1898-09	0.18%	$140.71
1898-10	0.18%	$140.96
1898-11	0.17%	$141.20
1898-12	0.18%	$141.45
1899-01	0.18%	$141.70
1899-02	0.15%	$141.91
1899-03	0.18%	$142.17
1899-04	0.17%	$142.41
1899-05	0.18%	$142.67
1899-06	0.19%	$142.93
1899-07	0.16%	$143.16
1899-08	0.19%	$143.44
1899-09	0.16%	$143.67
1899-10	0.19%	$143.94
1899-11	0.17%	$144.18
1899-12	0.17%	$144.43
1900-01	0.19%	$144.70
1900-02	0.15%	$144.92
1900-03	0.19%	$145.19
1900-04	0.17%	$145.44
1900-05	0.19%	$145.71
1900-06	0.18%	$145.97
1900-07	0.18%	$146.23
1900-08	0.19%	$146.51
1900-09	0.16%	$146.75
1900-10	0.19%	$147.03
1900-11	0.17%	$147.27
1900-12	0.16%	$147.51
1901-01	0.18%	$147.78
1901-02	0.15%	$148.00
1901-03	0.18%	$148.26
1901-04	0.18%	$148.53
1901-05	0.19%	$148.80
1901-06	0.17%	$149.05
1901-07	0.18%	$149.32
1901-08	0.19%	$149.60
1901-09	0.16%	$149.84
1901-10	0.20%	$150.14
1901-11	0.16%	$150.39
1901-12	0.18%	$150.66
1902-01	0.19%	$150.95
1902-02	0.17%	$151.20
1902-03	0.18%	$151.46
1902-04	0.19%	$151.75
1902-05	0.19%	$152.04
1902-06	0.19%	$152.32
1902-07	0.20%	$152.62
1902-08	0.19%	$152.91
1902-09	0.19%	$153.19
1902-10	0.21%	$153.51
1902-11	0.16%	$153.76
1902-12	0.20%	$154.07
1903-01	0.19%	$154.37
1903-02	0.17%	$154.62
1903-03	0.20%	$154.94
1903-04	0.19%	$155.22
1903-05	0.19%	$155.53
1903-06	0.20%	$155.85
1903-07	0.22%	$156.18
1903-08	0.20%	$156.49
1903-09	0.20%	$156.80
1903-10	0.21%	$157.13
1903-11	0.18%	$157.41
1903-12	0.21%	$157.74
1904-01	0.19%	$158.04
1904-02	0.18%	$158.33
1904-03	0.22%	$158.68
1904-04	0.19%	$158.98
1904-05	0.20%	$159.30
1904-06	0.21%	$159.64
1904-07	0.19%	$159.95
1904-08	0.22%	$160.31
1904-09	0.20%	$160.64
1904-10	0.21%	$160.97
1904-11	0.20%	$161.28
1904-12	0.21%	$161.62
1905-01	0.21%	$161.95
1905-02	0.18%	$162.24
1905-03	0.23%	$162.60
1905-04	0.19%	$162.91
1905-05	0.21%	$163.26
1905-06	0.21%	$163.61
1905-07	0.20%	$163.93
1905-08	0.22%	$164.29
1905-09	0.19%	$164.61
1905-10	0.21%	$164.96
1905-11	0.19%	$165.28
1905-12	0.19%	$165.60
1906-01	0.21%	$165.96
1906-02	0.18%	$166.25
1906-03	0.22%	$166.61
1906-04	0.21%	$166.96
1906-05	0.22%	$167.32
1906-06	0.21%	$167.68
1906-07	0.21%	$168.04
1906-08	0.24%	$168.43
1906-09	0.20%	$168.76
1906-10	0.24%	$169.17
1906-11	0.21%	$169.52
1906-12	0.21%	$169.88
1907-01	0.23%	$170.28
1907-02	0.19%	$170.60
1907-03	0.23%	$170.99
1907-04	0.24%	$171.40
1907-05	0.24%	$171.81
1907-06	0.22%	$172.19
1907-07	0.24%	$172.60
1907-08	0.24%	$173.03
1907-09	0.22%	$173.41
1907-10	0.26%	$173.86
1907-11	0.21%	$174.23
1907-12	0.24%	$174.65
1908-01	0.25%	$175.09
1908-02	0.22%	$175.46
1908-03	0.25%	$175.90
1908-04	0.24%	$176.32
1908-05	0.24%	$176.73
1908-06	0.25%	$177.17
1908-07	0.26%	$177.62
1908-08	0.23%	$178.04
1908-09	0.23%	$178.45
1908-10	0.24%	$178.89
1908-11	0.21%	$179.26
1908-12	0.24%	$179.70
1909-01	0.22%	$180.09
1909-02	0.20%	$180.45
1909-03	0.26%	$180.91
1909-04	0.23%	$181.33
1909-05	0.22%	$181.74
1909-06	0.25%	$182.19
1909-07	0.24%	$182.62
1909-08	0.25%	$183.08
1909-09	0.24%	$183.51
1909-10	0.23%	$183.93
1909-11	0.23%	$184.36
1909-12	0.27%	$184.85
1910-01	0.24%	$185.30
1910-02	0.22%	$185.70
1910-03	0.26%	$186.18
1910-04	0.24%	$186.63
1910-05	0.24%	$187.09
1910-06	0.26%	$187.57
1910-07	0.23%	$188.01
1910-08	0.27%	$188.52
1910-09	0.25%	$188.99
1910-10	0.24%	$189.43
1910-11	0.24%	$189.88
1910-12	0.25%	$190.35
1911-01	0.25%	$190.82
1911-02	0.21%	$191.23
1911-03	0.27%	$191.75
1911-04	0.23%	$192.19
1911-05	0.26%	$192.69
1911-06	0.26%	$193.19
1911-07	0.24%	$193.65
1911-08	0.27%	$194.18
1911-09	0.24%	$194.65
1911-10	0.25%	$195.13
1911-11	0.24%	$195.60
1911-12	0.24%	$196.07
1912-01	0.26%	$196.59
1912-02	0.23%	$197.04
1912-03	0.26%	$197.55
1912-04	0.26%	$198.07
1912-05	0.28%	$198.62
1912-06	0.26%	$199.13
1912-07	0.28%	$199.69
1912-08	0.29%	$200.26
1912-09	0.26%	$200.79
1912-10	0.31%	$201.41
1912-11	0.26%	$201.93
1912-12	0.29%	$202.50
1913-01	0.30%	$203.11
1913-02	0.26%	$203.64
1913-03	0.27%	$204.18
1913-04	0.29%	$204.79
1913-05	0.28%	$205.36
1913-06	0.28%	$205.93
1913-07	0.29%	$206.52
1913-08	0.27%	$207.08
1913-09	0.27%	$207.64
1913-10	0.28%	$208.23
1913-11	0.23%	$208.70
1913-12	0.28%	$209.28
1914-01	0.26%	$209.83
1914-02	0.23%	$210.31
1914-03	0.28%	$210.89
1914-04	0.27%	$211.45
1914-05	0.27%	$212.02
1914-06	0.28%	$212.61
1914-07	0.28%	$213.20
1914-12	0.17%	$213.56
1915-01	0.26%	$214.11
1915-02	0.23%	$214.60
1915-03	0.29%	$215.23
1915-04	0.27%	$215.80
1915-05	0.25%	$216.34
1915-06	0.28%	$216.94
1915-07	0.26%	$217.51
1915-08	0.27%	$218.10
1915-09	0.26%	$218.67
1915-10	0.25%	$219.21
1915-11	0.24%	$219.74
1915-12	0.27%	$220.33
1916-01	0.26%	$220.89
1916-02	0.24%	$221.43
1916-03	0.28%	$222.06
1916-04	0.23%	$222.58
1916-05	0.27%	$223.18
1916-06	0.27%	$223.80
1916-07	0.25%	$224.36
1916-08	0.29%	$225.00
1916-09	0.25%	$225.57
1916-10	0.27%	$226.17
1916-11	0.26%	$226.75
1916-12	0.26%	$227.33
1917-01	0.28%	$227.98
1917-02	0.23%	$228.51
1917-03	0.29%	$229.17
1917-04	0.26%	$229.78
1917-05	0.29%	$230.45
1917-06	0.27%	$231.07
1917-07	0.28%	$231.73
1917-08	0.31%	$232.46
1917-09	0.26%	$233.07
1917-10	0.31%	$233.78
1917-11	0.28%	$234.44
1917-12	0.28%	$235.10
1918-01	0.30%	$235.80
1918-02	0.23%	$236.33
1918-03	0.28%	$237.00
1918-04	0.31%	$237.74
1918-05	0.31%	$238.47
1918-06	0.28%	$239.14
1918-07	0.31%	$239.88
1918-08	0.31%	$240.62
1918-09	0.27%	$241.26
1918-10	0.32%	$242.04
1918-11	0.25%	$242.64
1918-12	0.29%	$243.35
1919-01	0.31%	$244.10
1919-02	0.27%	$244.76
1919-03	0.29%	$245.46
1919-04	0.30%	$246.20
1919-05	0.29%	$246.92
1919-06	0.31%	$247.69
1919-07	0.33%	$248.50
1919-08	0.32%	$249.29
1919-09	0.30%	$250.05
1919-10	0.34%	$250.89
1919-11	0.28%	$251.60
1919-12	0.35%	$252.46
1920-01	0.33%	$253.30
1920-02	0.28%	$254.02
1920-03	0.37%	$254.95
1920-04	0.33%	$255.80
1920-05	0.32%	$256.62
1920-06	0.35%	$257.52
1920-07	0.34%	$258.39
1920-08	0.35%	$259.31
1920-09	0.34%	$260.18
1920-10	0.32%	$261.02
1920-11	0.32%	$261.87
1920-12	0.37%	$262.85
1921-01	0.34%	$263.74
1921-02	0.30%	$264.53
1921-03	0.34%	$265.44
1921-04	0.32%	$266.30
1921-05	0.32%	$267.14
1921-06	0.33%	$268.01
1921-07	0.29%	$268.79
1921-08	0.33%	$269.68
1921-09	0.29%	$270.47
1921-10	0.28%	$271.21
1921-11	0.26%	$271.91
1921-12	0.28%	$272.67
1922-01	0.28%	$273.42
1922-02	0.24%	$274.07
1922-03	0.30%	$274.90
1922-04	0.25%	$275.59
1922-05	0.29%	$276.39
1922-06	0.29%	$277.19
1922-07	0.27%	$277.93
1922-08	0.31%	$278.78
1922-09	0.27%	$279.52
1922-10	0.28%	$280.30
1922-11	0.27%	$281.04
1922-12	0.27%	$281.80
1923-01	0.29%	$282.62
1923-02	0.24%	$283.29
1923-03	0.28%	$284.07
1923-04	0.27%	$284.85
1923-05	0.28%	$285.66
1923-06	0.27%	$286.43
1923-07	0.27%	$287.19
1923-08	0.26%	$287.95
1923-09	0.24%	$288.64
1923-10	0.27%	$289.43
1923-11	0.25%	$290.14
1923-12	0.24%	$290.85
1924-01	0.27%	$291.62
1924-02	0.23%	$292.29
1924-03	0.25%	$293.03
1924-04	0.25%	$293.76
1924-05	0.25%	$294.49
1924-06	0.25%	$295.22
1924-07	0.26%	$295.98
1924-08	0.24%	$296.71
1924-09	0.24%	$297.43
1924-10	0.25%	$298.19
1924-11	0.21%	$298.80
1924-12	0.25%	$299.55
1925-01	0.24%	$300.26
1925-02	0.20%	$300.87
1925-03	0.25%	$301.62
1925-04	0.23%	$302.32
1925-05	0.23%	$303.03
1925-06	0.24%	$303.77
1925-07	0.25%	$304.53
1925-08	0.23%	$305.23
1925-09	0.23%	$305.93
1925-10	0.23%	$306.62
1925-11	0.20%	$307.25
1925-12	0.24%	$307.97
1926-01	0.21%	$308.62
1926-02	0.19%	$309.21
1926-03	0.24%	$309.94
1926-04	0.22%	$310.61
1926-05	0.20%	$311.24
1926-06	0.22%	$311.93
1926-07	0.19%	$312.52
1926-08	0.22%	$313.21
1926-09	0.19%	$313.80
1926-10	0.26%	$314.62
1926-11	0.26%	$315.44
1926-12	0.25%	$316.23
1927-01	0.21%	$316.90
1927-02	0.23%	$317.62
1927-03	0.25%	$318.43
1927-04	0.20%	$319.06
1927-05	0.25%	$319.87
1927-06	0.21%	$320.54
1927-07	0.24%	$321.31
1927-08	0.23%	$322.05
1927-09	0.17%	$322.59
1927-10	0.20%	$323.24
1927-11	0.18%	$323.82
1927-12	0.19%	$324.43
1928-01	0.21%	$325.12
1928-02	0.27%	$325.98
1928-03	0.24%	$326.77
1928-04	0.20%	$327.43
1928-05	0.33%	$328.51
1928-06	0.25%	$329.34
1928-07	0.27%	$330.24
1928-08	0.28%	$331.15
1928-09	0.21%	$331.84
1928-10	0.35%	$333.01
1928-11	0.34%	$334.15
1928-12	0.04%	$334.28
1929-01	0.29%	$335.24
1929-02	0.32%	$336.33
1929-03	0.28%	$337.27
1929-04	0.31%	$338.31
1929-05	0.37%	$339.58
1929-06	0.42%	$341.01
1929-07	0.29%	$341.98
1929-08	0.33%	$343.11
1929-09	0.30%	$344.14
1929-10	0.41%	$345.57
1929-11	0.37%	$346.87
1929-12	0.32%	$347.96
1930-01	0.11%	$348.34
1930-02	0.25%	$349.20
1930-03	0.27%	$350.16
1930-04	0.19%	$350.82
1930-05	0.21%	$351.56
1930-06	0.23%	$352.37
1930-07	0.18%	$352.99
1930-08	0.08%	$353.29
1930-09	0.19%	$353.96
1930-10	0.07%	$354.19
1930-11	0.11%	$354.57
1930-12	0.11%	$354.96
1931-01	0.13%	$355.41
1931-02	0.04%	$355.54
1931-03	0.11%	$355.93
1931-04	0.06%	$356.16
1931-05	0.06%	$356.38
1931-06	0.07%	$356.61
1931-07	0.05%	$356.78
1931-08	0.02%	$356.85
1931-09	0.02%	$356.93
1931-10	0.08%	$357.23
1931-11	0.13%	$357.70
1931-12	0.11%	$358.10
1932-01	0.18%	$358.74
1932-02	0.19%	$359.43
1932-03	0.13%	$359.90
1932-04	0.08%	$360.20
1932-05	0.04%	$360.35
1932-06	0.02%	$360.43
1932-07	0.02%	$360.51
1932-08	0.02%	$360.59
1932-09	0.02%	$360.66
1932-10	0.02%	$360.74
1932-11	0.02%	$360.81
1932-12	0.00%	$360.81
1933-01	0.00%	$360.81
1933-02	-0.02%	$360.74
1933-03	0.03%	$360.86
1933-04	0.08%	$361.13
1933-05	0.04%	$361.29
1933-06	0.02%	$361.37
1933-07	0.02%	$361.44
1933-08	0.02%	$361.53
1933-09	0.02%	$361.60
1933-10	0.00%	$361.60
1933-11	0.02%	$361.67
1933-12	0.02%	$361.74
1934-01	0.04%	$361.90
1934-02	0.02%	$361.97
1934-03	0.02%	$362.04
1934-04	0.00%	$362.04
1934-05	0.00%	$362.04
1934-06	0.00%	$362.04
1934-07	0.00%	$362.04
1934-08	0.00%	$362.04
1934-09	0.00%	$362.04
1934-10	0.00%	$362.04
1934-11	0.00%	$362.04
1934-12	0.00%	$362.04
1935-01	0.02%	$362.12
1935-02	0.02%	$362.19
1935-03	0.00%	$362.19
1935-04	0.02%	$362.27
1935-05	0.02%	$362.34
1935-06	0.00%	$362.34
1935-07	0.02%	$362.42
1935-08	0.00%	$362.42
1935-09	0.02%	$362.50
1935-10	0.00%	$362.50
1935-11	0.02%	$362.56
1935-12	0.02%	$362.64
1936-01	0.02%	$362.72
1936-02	0.02%	$362.79
1936-03	0.02%	$362.87
1936-04	0.02%	$362.94
1936-05	0.02%	$363.02
1936-06	0.02%	$363.10
1936-07	0.02%	$363.18
1936-08	0.02%	$363.26
1936-09	0.00%	$363.26
1936-10	0.02%	$363.34
1936-11	0.00%	$363.34
1936-12	0.00%	$363.34
1937-01	0.00%	$363.34
1937-02	0.02%	$363.40
1937-03	0.02%	$363.48
1937-04	0.02%	$363.56
1937-05	0.06%	$363.78
1937-06	0.02%	$363.86
1937-07	0.02%	$363.94
1937-08	0.02%	$364.02
1937-09	0.02%	$364.09
1937-10	0.02%	$364.16
1937-11	0.02%	$364.23
1937-12	0.00%	$364.23
1938-01	0.00%	$364.23
1938-02	0.00%	$364.23
1938-03	0.00%	$364.23
1938-04	0.00%	$364.23
1938-05	0.00%	$364.23
1938-06	0.00%	$364.23
1938-07	0.00%	$364.23
1938-08	0.00%	$364.23
1938-09	0.02%	$364.31
1938-10	0.00%	$364.31
1938-11	-0.06%	$364.10
1938-12	0.00%	$364.10
1939-01	0.00%	$364.10
1939-02	0.00%	$364.10
1939-03	0.00%	$364.10
1939-04	0.00%	$364.10
1939-05	0.00%	$364.10
1939-06	0.00%	$364.10
1939-07	0.00%	$364.10
1939-08	0.00%	$364.10
1939-09	0.00%	$364.10
1939-10	0.00%	$364.10
1939-11	0.00%	$364.10
1939-12	0.00%	$364.10
1940-01	0.00%	$364.10
1940-02	0.00%	$364.10
1940-03	0.00%	$364.10
1940-04	0.00%	$364.10
1940-05	-0.02%	$364.02
1940-06	0.00%	$364.02
1940-07	0.00%	$364.02
1940-08	0.00%	$364.02
1940-09	0.00%	$364.02
1940-10	0.00%	$364.02
1940-11	0.00%	$364.02
1940-12	0.00%	$364.02
1941-01	0.00%	$364.02
1941-02	0.00%	$364.02
1941-03	0.00%	$364.02
1941-04	0.00%	$364.02
1941-05	0.00%	$364.02
1941-06	0.00%	$364.02
1941-07	0.02%	$364.10
1941-08	0.00%	$364.10
1941-09	0.00%	$364.10
1941-10	0.00%	$364.10
1941-11	0.00%	$364.10
1941-12	0.00%	$364.10
1942-01	0.02%	$364.18
1942-02	0.02%	$364.24
1942-03	0.00%	$364.24
1942-04	0.00%	$364.24
1942-05	0.02%	$364.32
1942-06	0.02%	$364.40
1942-07	0.02%	$364.49
1942-08	0.02%	$364.56
1942-09	0.02%	$364.64
1942-10	0.02%	$364.71
1942-11	0.02%	$364.78
1942-12	0.02%	$364.86
1943-01	0.02%	$364.93
1943-02	0.02%	$365.00
1943-03	0.02%	$365.08
1943-04	0.02%	$365.16
1943-05	0.02%	$365.23
1943-06	0.02%	$365.31
1943-07	0.02%	$365.39
1943-08	0.02%	$365.47
1943-09	0.02%	$365.55
1943-10	0.02%	$365.62
1943-11	0.02%	$365.69
1943-12	0.02%	$365.77
1944-01	0.02%	$365.85
1944-02	0.02%	$365.92
1944-03	0.02%	$366.01
1944-04	0.02%	$366.08
1944-05	0.02%	$366.16
1944-06	0.02%	$366.24
1944-07	0.02%	$366.31
1944-08	0.02%	$366.40
1944-09	0.02%	$366.47
1944-10	0.02%	$366.55
1944-11	0.02%	$366.62
1944-12	0.02%	$366.69
1945-01	0.02%	$366.77
1945-02	0.02%	$366.84
1945-03	0.02%	$366.92
1945-04	0.02%	$366.99
1945-05	0.02%	$367.07
1945-06	0.02%	$367.15
1945-07	0.02%	$367.23
1945-08	0.02%	$367.31
1945-09	0.02%	$367.38
1945-10	0.02%	$367.46
1945-11	0.02%	$367.53
1945-12	0.02%	$367.60
1946-01	0.02%	$367.68
1946-02	0.02%	$367.74
1946-03	0.02%	$367.82
1946-04	0.02%	$367.90
1946-05	0.02%	$367.98
1946-06	0.02%	$368.05
1946-07	0.02%	$368.13
1946-08	0.02%	$368.21
1946-09	0.02%	$368.29
1946-10	0.02%	$368.37
1946-11	0.02%	$368.44
1946-12	0.02%	$368.52
1947-01	0.02%	$368.60
1947-02	0.02%	$368.67
1947-03	0.02%	$368.75
1947-04	0.02%	$368.82
1947-05	0.02%	$368.90
1947-06	0.02%	$368.98
1947-07	0.02%	$369.06
1947-08	0.02%	$369.14
1947-09	0.06%	$369.37
1947-10	0.04%	$369.53
1947-11	0.05%	$369.72
1947-12	0.07%	$369.96
1948-01	0.06%	$370.20
1948-02	0.05%	$370.40
1948-03	0.07%	$370.64
1948-04	0.07%	$370.89
1948-05	0.06%	$371.11
1948-06	0.09%	$371.44
1948-07	0.08%	$371.75
1948-08	0.09%	$372.08
1948-09	0.04%	$372.23
1948-10	0.04%	$372.38
1948-11	0.04%	$372.52
1948-12	0.05%	$372.69
1949-01	0.08%	$373.01
1949-02	0.08%	$373.29
1949-03	0.09%	$373.63
1949-04	0.08%	$373.93
1949-05	0.08%	$374.25
1949-06	0.09%	$374.58
1949-07	0.08%	$374.88
1949-08	0.09%	$375.22
1949-09	0.08%	$375.54
1949-10	0.08%	$375.84
1949-11	0.08%	$376.12
1949-12	0.08%	$376.44
1950-01	0.08%	$376.76
1950-02	0.07%	$377.03
1950-03	0.09%	$377.37
1950-04	0.08%	$377.66
1950-05	0.09%	$377.99
1950-06	0.09%	$378.33
1950-07	0.10%	$378.70
1950-08	0.09%	$379.05
1950-09	0.10%	$379.43
1950-10	0.11%	$379.83
1950-11	0.10%	$380.21
1950-12	0.10%	$380.59
1951-01	0.11%	$381.01
1951-02	0.09%	$381.35
1951-03	0.08%	$381.67
1951-04	0.11%	$382.07
1951-05	0.11%	$382.49
1951-06	0.13%	$382.98
1951-07	0.13%	$383.46
1951-08	0.14%	$383.99
1951-09	0.11%	$384.43
1951-10	0.13%	$384.94
1951-11	0.10%	$385.30
1951-12	0.10%	$385.69
1952-01	0.13%	$386.20
1952-02	0.10%	$386.56
1952-03	0.08%	$386.89
1952-04	0.11%	$387.29
1952-05	0.11%	$387.70
1952-06	0.15%	$388.27
1952-07	0.15%	$388.87
1952-08	0.15%	$389.44
1952-09	0.17%	$390.10
1952-10	0.13%	$390.61
1952-11	0.10%	$391.01
1952-12	0.15%	$391.61
1953-01	0.17%	$392.27
1953-02	0.14%	$392.84
1953-03	0.18%	$393.53
1953-04	0.17%	$394.19
1953-05	0.17%	$394.85
1953-06	0.18%	$395.55
1953-07	0.14%	$396.10
1953-08	0.17%	$396.76
1953-09	0.17%	$397.43
1953-10	0.13%	$397.93
1953-11	0.07%	$398.22
1953-12	0.13%	$398.74
1954-01	0.09%	$399.12
1954-02	0.07%	$399.41
1954-03	0.09%	$399.78
1954-04	0.08%	$400.10
1954-05	0.06%	$400.35
1954-06	0.06%	$400.57
1954-07	0.06%	$400.81
1954-08	0.08%	$401.13
1954-09	0.08%	$401.47
1954-10	0.08%	$401.80
1954-11	0.07%	$402.09
1954-12	0.10%	$402.50
1955-01	0.10%	$402.91
1955-02	0.09%	$403.26
1955-03	0.12%	$403.74
1955-04	0.13%	$404.25
1955-05	0.12%	$404.74
1955-06	0.12%	$405.23
1955-07	0.13%	$405.75
1955-08	0.17%	$406.45
1955-09	0.17%	$407.15
1955-10	0.19%	$407.91
1955-11	0.18%	$408.64
1955-12	0.21%	$409.50
1956-01	0.20%	$410.33
1956-02	0.18%	$411.08
1956-03	0.19%	$411.85
1956-04	0.22%	$412.75
1956-05	0.23%	$413.69
1956-06	0.21%	$414.55
1956-07	0.19%	$415.35
1956-08	0.24%	$416.33
1956-09	0.21%	$417.22
1956-10	0.26%	$418.33
1956-11	0.24%	$419.32
1956-12	0.24%	$420.34
1957-01	0.27%	$421.48
1957-02	0.23%	$422.47
1957-03	0.26%	$423.55
1957-04	0.26%	$424.64
1957-05	0.27%	$425.77
1957-06	0.26%	$426.89
1957-07	0.28%	$428.07
1957-08	0.29%	$429.33
1957-09	0.28%	$430.53
1957-10	0.33%	$431.94
1957-11	0.25%	$433.01
1957-12	0.25%	$434.11
1958-01	0.21%	$435.04
1958-02	0.12%	$435.57
1958-03	0.11%	$436.04
1958-04	0.09%	$436.45
1958-05	0.08%	$436.79
1958-06	0.07%	$437.09
1958-07	0.08%	$437.44
1958-08	0.14%	$438.05
1958-09	0.20%	$438.95
1958-10	0.24%	$440.00
1958-11	0.19%	$440.84
1958-12	0.23%	$441.86
1959-01	0.24%	$442.90
1959-02	0.20%	$443.80
1959-03	0.23%	$444.84
1959-04	0.26%	$445.99
1959-05	0.24%	$447.05
1959-06	0.28%	$448.30
1959-07	0.28%	$449.56
1959-08	0.28%	$450.82
1959-09	0.34%	$452.34
1959-10	0.35%	$453.95
1959-11	0.31%	$455.37
1959-12	0.39%	$457.16
1960-01	0.35%	$458.74
1960-02	0.31%	$460.18
1960-03	0.30%	$461.58
1960-04	0.26%	$462.76
1960-05	0.27%	$464.03
1960-06	0.21%	$465.02
1960-07	0.18%	$465.87
1960-08	0.21%	$466.85
1960-09	0.21%	$467.82
1960-10	0.19%	$468.72
1960-11	0.19%	$469.60
1960-12	0.19%	$470.48
1961-01	0.19%	$471.36
1961-02	0.18%	$472.22
1961-03	0.21%	$473.21
1961-04	0.18%	$474.07
1961-05	0.19%	$474.97
1961-06	0.20%	$475.94
1961-07	0.18%	$476.79
1961-08	0.22%	$477.83
1961-09	0.18%	$478.69
1961-10	0.20%	$479.66
1961-11	0.20%	$480.60
1961-12	0.21%	$481.59
1962-01	0.24%	$482.74
1962-02	0.21%	$483.73
1962-03	0.24%	$484.89
1962-04	0.22%	$485.94
1962-05	0.23%	$487.08
1962-06	0.23%	$488.19
1962-07	0.24%	$489.38
1962-08	0.26%	$490.64
1962-09	0.21%	$491.67
1962-10	0.25%	$492.90
1962-11	0.22%	$494.01
1962-12	0.23%	$495.13
1963-01	0.25%	$496.39
1963-02	0.22%	$497.48
1963-03	0.24%	$498.68
1963-04	0.24%	$499.89
1963-05	0.26%	$501.17
1963-06	0.24%	$502.36
1963-07	0.28%	$503.75
1963-08	0.29%	$505.22
1963-09	0.27%	$506.57
1963-10	0.32%	$508.17
1963-11	0.25%	$509.45
1963-12	0.29%	$510.95
1964-01	0.31%	$512.52
1964-02	0.27%	$513.88
1964-03	0.30%	$515.40
1964-04	0.30%	$516.97
1964-05	0.28%	$518.40
1964-06	0.30%	$519.97
1964-07	0.30%	$521.54
1964-08	0.29%	$523.07
1964-09	0.29%	$524.61
1964-10	0.31%	$526.25
1964-11	0.27%	$527.69
1964-12	0.34%	$529.46
1965-01	0.30%	$531.06
1965-02	0.30%	$532.64
1965-03	0.36%	$534.55
1965-04	0.33%	$536.31
1965-05	0.31%	$537.96
1965-06	0.33%	$539.75
1965-07	0.32%	$541.48
1965-08	0.34%	$543.30
1965-09	0.33%	$545.08
1965-10	0.34%	$546.91
1965-11	0.32%	$548.69
1965-12	0.38%	$550.79
1966-01	0.38%	$552.90
1966-02	0.35%	$554.84
1966-03	0.42%	$557.17
1966-04	0.37%	$559.21
1966-05	0.39%	$561.38
1966-06	0.39%	$563.59
1966-07	0.38%	$565.74
1966-08	0.45%	$568.31
1966-09	0.45%	$570.85
1966-10	0.45%	$573.40
1966-11	0.42%	$575.83
1966-12	0.41%	$578.22
1967-01	0.39%	$580.50
1967-02	0.34%	$582.50
1967-03	0.37%	$584.67
1967-04	0.31%	$586.45
1967-05	0.32%	$588.30
1967-06	0.31%	$590.12
1967-07	0.33%	$592.09
1967-08	0.39%	$594.40
1967-09	0.35%	$596.49
1967-10	0.40%	$598.87
1967-11	0.38%	$601.12
1967-12	0.40%	$603.50
1968-01	0.44%	$606.13
1968-02	0.38%	$608.41
1968-03	0.43%	$611.04
1968-04	0.43%	$613.65
1968-05	0.49%	$616.69
1968-06	0.37%	$618.99
1968-07	0.36%	$621.21
1968-08	0.36%	$623.47
1968-09	0.35%	$625.66
1968-10	0.38%	$628.05
1968-11	0.37%	$630.37
1968-12	0.43%	$633.06
1969-01	0.54%	$636.46
1969-02	0.44%	$639.25
1969-03	0.48%	$642.31
1969-04	0.51%	$645.59
1969-05	0.50%	$648.85
1969-06	0.54%	$652.34
1969-07	0.58%	$656.16
1969-08	0.58%	$659.99
1969-09	0.59%	$663.90
1969-10	0.64%	$668.15
1969-11	0.55%	$671.80
1969-12	0.68%	$676.40
1970-01	0.66%	$680.85
1970-02	0.54%	$684.52
1970-03	0.55%	$688.31
1970-04	0.57%	$692.23
1970-05	0.57%	$696.19
1970-06	0.58%	$700.26
1970-07	0.56%	$704.21
1970-08	0.54%	$707.98
1970-09	0.51%	$711.60
1970-10	0.52%	$715.29
1970-11	0.42%	$718.31
1970-12	0.43%	$721.37
1971-01	0.35%	$723.91
1971-02	0.28%	$725.93
1971-03	0.31%	$728.17
1971-04	0.32%	$730.51
1971-05	0.33%	$732.92
1971-06	0.42%	$735.97
1971-07	0.45%	$739.29
1971-08	0.43%	$742.48
1971-09	0.39%	$745.39
1971-10	0.37%	$748.16
1971-11	0.35%	$750.80
1971-12	0.35%	$753.43
1972-01	0.28%	$755.56
1972-02	0.25%	$757.48
1972-03	0.33%	$759.95
1972-04	0.29%	$762.19
1972-05	0.32%	$764.64
1972-06	0.34%	$767.26
1972-07	0.32%	$769.69
1972-08	0.37%	$772.52
1972-09	0.37%	$775.38
1972-10	0.41%	$778.59
1972-11	0.38%	$781.55
1972-12	0.38%	$784.54
1973-01	0.45%	$788.08
1973-02	0.42%	$791.41
1973-03	0.53%	$795.63
1973-04	0.50%	$799.59
1973-05	0.56%	$804.04
1973-06	0.60%	$808.87
1973-07	0.67%	$814.29
1973-08	0.79%	$820.76
1973-09	0.63%	$825.90
1973-10	0.66%	$831.36
1973-11	0.66%	$836.80
1973-12	0.59%	$841.76
1974-01	0.68%	$847.49
1974-02	0.54%	$852.06
1974-03	0.67%	$857.73
1974-04	0.70%	$863.70
1974-05	0.72%	$869.93
1974-06	0.63%	$875.40
1974-07	0.66%	$881.18
1974-08	0.78%	$888.10
1974-09	0.64%	$893.80
1974-10	0.68%	$899.91
1974-11	0.60%	$905.28
1974-12	0.60%	$910.69
1975-01	0.55%	$915.68
1975-02	0.42%	$919.49
1975-03	0.44%	$923.51
1975-04	0.49%	$928.04
1975-05	0.44%	$932.10
1975-06	0.45%	$936.25
1975-07	0.54%	$941.28
1975-08	0.54%	$946.35
1975-09	0.54%	$951.42
1975-10	0.55%	$956.61
1975-11	0.41%	$960.57
1975-12	0.48%	$965.14
1976-01	0.41%	$969.06
1976-02	0.37%	$972.64
1976-03	0.46%	$977.08
1976-04	0.41%	$981.05
1976-05	0.41%	$985.11
1976-06	0.47%	$989.77
1976-07	0.44%	$994.09
1976-08	0.45%	$998.56
1976-09	0.42%	$1,002.80
1976-10	0.41%	$1,006.92
1976-11	0.38%	$1,010.73
1976-12	0.38%	$1,014.57
1977-01	0.39%	$1,018.48
1977-02	0.35%	$1,022.07
1977-03	0.42%	$1,026.37
1977-04	0.36%	$1,030.08
1977-05	0.41%	$1,034.34
1977-06	0.44%	$1,038.88
1977-07	0.39%	$1,042.95
1977-08	0.50%	$1,048.19
1977-09	0.49%	$1,053.27
1977-10	0.51%	$1,058.69
1977-11	0.51%	$1,064.09
1977-12	0.51%	$1,069.48
1978-01	0.54%	$1,075.24
1978-02	0.49%	$1,080.48
1978-03	0.55%	$1,086.43
1978-04	0.50%	$1,091.86
1978-05	0.56%	$1,097.99
1978-06	0.59%	$1,104.47
1978-07	0.56%	$1,110.63
1978-08	0.65%	$1,117.82
1978-09	0.62%	$1,124.80
1978-10	0.70%	$1,132.69
1978-11	0.72%	$1,140.88
1978-12	0.72%	$1,149.13
1979-01	0.82%	$1,158.54
1979-02	0.71%	$1,166.72
1979-03	0.83%	$1,176.41
1979-04	0.75%	$1,185.27
1979-05	0.84%	$1,195.25
1979-06	0.76%	$1,204.31
1979-07	0.77%	$1,213.61
1979-08	0.87%	$1,224.20
1979-09	0.78%	$1,233.71
1979-10	1.07%	$1,246.90
1979-11	0.99%	$1,259.24
1979-12	0.96%	$1,271.32
1980-01	1.05%	$1,284.71
1980-02	1.02%	$1,297.85
1980-03	1.27%	$1,314.39
1980-04	1.11%	$1,328.92
1980-05	0.72%	$1,338.45
1980-06	0.59%	$1,346.37
1980-07	0.71%	$1,355.87
1980-08	0.76%	$1,366.22
1980-09	0.86%	$1,377.96
1980-10	1.06%	$1,392.63
1980-11	0.98%	$1,406.34
1980-12	1.36%	$1,425.48
1981-01	1.26%	$1,443.44
1981-02	1.12%	$1,459.66
1981-03	1.17%	$1,476.78
1981-04	1.15%	$1,493.72
1981-05	1.30%	$1,513.17
1981-06	1.29%	$1,532.75
1981-07	1.31%	$1,552.87
1981-08	1.30%	$1,573.06
1981-09	1.23%	$1,592.45
1981-10	1.19%	$1,611.38
1981-11	0.87%	$1,625.45
1981-12	0.95%	$1,640.92
1982-01	0.98%	$1,656.98
1982-02	1.02%	$1,673.95
1982-03	1.16%	$1,693.42
1982-04	1.06%	$1,711.44
1982-05	0.96%	$1,727.94
1982-06	1.09%	$1,746.84
1982-07	0.95%	$1,763.43
1982-08	0.76%	$1,776.84
1982-09	0.66%	$1,788.61
1982-10	0.64%	$1,800.14
1982-11	0.67%	$1,812.26
1982-12	0.70%	$1,824.86
1983-01	0.66%	$1,836.85
1983-02	0.61%	$1,848.11
1983-03	0.76%	$1,862.25
1983-04	0.65%	$1,874.42
1983-05	0.68%	$1,887.26
1983-06	0.77%	$1,901.80
1983-07	0.72%	$1,915.55
1983-08	0.86%	$1,931.96
1983-09	0.75%	$1,946.49
1983-10	0.72%	$1,960.54
1983-11	0.73%	$1,974.91
1983-12	0.75%	$1,989.77
1984-01	0.74%	$2,004.58
1984-02	0.72%	$2,019.09
1984-03	0.83%	$2,035.93
1984-04	0.77%	$2,051.65
1984-05	0.86%	$2,069.34
1984-06	0.83%	$2,086.42
1984-07	0.85%	$2,104.08
1984-08	0.96%	$2,124.27
1984-09	0.78%	$2,140.94
1984-10	0.89%	$2,160.08
1984-11	0.72%	$2,175.64
1984-12	0.64%	$2,189.59
1985-01	0.68%	$2,204.47
1985-02	0.62%	$2,218.24
1985-03	0.71%	$2,234.04
1985-04	0.66%	$2,248.88
1985-05	0.66%	$2,263.61
1985-06	0.55%	$2,276.13
1985-07	0.62%	$2,290.25
1985-08	0.62%	$2,304.56
1985-09	0.54%	$2,316.92
1985-10	0.66%	$2,332.12
1985-11	0.58%	$2,345.55
1985-12	0.59%	$2,359.47
1986-01	0.62%	$2,374.08
1986-02	0.53%	$2,386.76
1986-03	0.52%	$2,399.22
1986-04	0.53%	$2,411.94
1986-05	0.51%	$2,424.33
1986-06	0.52%	$2,436.90
1986-07	0.51%	$2,449.33
1986-08	0.46%	$2,460.64
1986-09	0.44%	$2,471.34
1986-10	0.47%	$2,483.04
1986-11	0.40%	$2,493.08
1986-12	0.48%	$2,505.14
1987-01	0.45%	$2,516.49
1987-02	0.42%	$2,527.12
1987-03	0.49%	$2,539.49
1987-04	0.47%	$2,551.44
1987-05	0.45%	$2,562.93
1987-06	0.50%	$2,575.64
1987-07	0.50%	$2,588.47
1987-08	0.50%	$2,601.52
1987-09	0.53%	$2,615.43
1987-10	0.54%	$2,629.53
1987-11	0.45%	$2,641.44
1987-12	0.50%	$2,654.77
1988-01	0.46%	$2,667.05
1988-02	0.45%	$2,679.06
1988-03	0.52%	$2,693.04
1988-04	0.47%	$2,705.69
1988-05	0.52%	$2,719.84
1988-06	0.57%	$2,735.22
1988-07	0.54%	$2,749.86
1988-08	0.65%	$2,767.64
1988-09	0.61%	$2,784.38
1988-10	0.61%	$2,801.48
1988-11	0.65%	$2,819.64
1988-12	0.67%	$2,838.65
1989-01	0.69%	$2,858.26
1989-02	0.65%	$2,876.70
1989-03	0.77%	$2,898.92
1989-04	0.69%	$2,918.88
1989-05	0.74%	$2,940.45
1989-06	0.71%	$2,961.44
1989-07	0.63%	$2,980.03
1989-08	0.72%	$3,001.59
1989-09	0.62%	$3,020.10
1989-10	0.67%	$3,040.30
1989-11	0.64%	$3,059.84
1989-12	0.61%	$3,078.41
1990-01	0.67%	$3,099.00
1990-02	0.59%	$3,117.14
1990-03	0.69%	$3,138.70
1990-04	0.62%	$3,158.12
1990-05	0.68%	$3,179.54
1990-06	0.65%	$3,200.07
1990-07	0.64%	$3,220.45
1990-08	0.68%	$3,242.42
1990-09	0.56%	$3,260.44
1990-10	0.66%	$3,281.82
1990-11	0.59%	$3,301.19
1990-12	0.54%	$3,318.89
1991-01	0.54%	$3,336.95
1991-02	0.45%	$3,351.93
1991-03	0.47%	$3,367.68
1991-04	0.49%	$3,384.32
1991-05	0.48%	$3,400.49
1991-06	0.44%	$3,415.56
1991-07	0.49%	$3,432.23
1991-08	0.47%	$3,448.24
1991-09	0.41%	$3,462.54
1991-10	0.46%	$3,478.36
1991-11	0.36%	$3,490.97
1991-12	0.34%	$3,502.85
1992-01	0.33%	$3,514.50
1992-02	0.29%	$3,524.70
1992-03	0.35%	$3,537.14
1992-04	0.31%	$3,548.20
1992-05	0.29%	$3,558.45
1992-06	0.32%	$3,569.83
1992-07	0.28%	$3,579.84
1992-08	0.26%	$3,589.18
1992-09	0.24%	$3,597.89
1992-10	0.25%	$3,606.89
1992-11	0.25%	$3,615.85
1992-12	0.28%	$3,626.02
1993-01	0.24%	$3,634.66
1993-02	0.22%	$3,642.69
1993-03	0.27%	$3,652.52
1993-04	0.24%	$3,661.26
1993-05	0.23%	$3,669.86
1993-06	0.27%	$3,679.71
1993-07	0.25%	$3,689.04
1993-08	0.26%	$3,698.77
1993-09	0.25%	$3,707.87
1993-10	0.25%	$3,717.20
1993-11	0.26%	$3,726.83
1993-12	0.27%	$3,736.78
1994-01	0.25%	$3,746.06
1994-02	0.25%	$3,755.26
1994-03	0.32%	$3,767.29
1994-04	0.28%	$3,777.75
1994-05	0.35%	$3,790.82
1994-06	0.36%	$3,804.53
1994-07	0.34%	$3,817.63
1994-08	0.41%	$3,833.27
1994-09	0.39%	$3,848.07
1994-10	0.41%	$3,863.95
1994-11	0.44%	$3,881.01
1994-12	0.47%	$3,899.14
1995-01	0.48%	$3,917.72
1995-02	0.44%	$3,934.80
1995-03	0.52%	$3,955.42
1995-04	0.43%	$3,972.32
1995-05	0.50%	$3,992.01
1995-06	0.48%	$4,011.12
1995-07	0.43%	$4,028.42
1995-08	0.49%	$4,048.31
1995-09	0.42%	$4,065.31
1995-10	0.46%	$4,084.09
1995-11	0.45%	$4,102.36
1995-12	0.41%	$4,119.13
1996-01	0.44%	$4,137.15
1996-02	0.38%	$4,153.03
1996-03	0.41%	$4,170.23
1996-04	0.41%	$4,187.46
1996-05	0.44%	$4,205.84
1996-06	0.41%	$4,222.87
1996-07	0.45%	$4,241.90
1996-08	0.44%	$4,260.63
1996-09	0.40%	$4,277.88
1996-10	0.46%	$4,297.39
1996-11	0.40%	$4,314.58
1996-12	0.41%	$4,332.27
1997-01	0.44%	$4,351.34
1997-02	0.38%	$4,367.80
1997-03	0.41%	$4,385.66
1997-04	0.45%	$4,405.47
1997-05	0.42%	$4,424.04
1997-06	0.41%	$4,442.26
1997-07	0.44%	$4,461.89
1997-08	0.43%	$4,481.05
1997-09	0.41%	$4,499.58
1997-10	0.45%	$4,520.05
1997-11	0.39%	$4,537.62
1997-12	0.45%	$4,558.12
1998-01	0.40%	$4,576.37
1998-02	0.38%	$4,593.95
1998-03	0.44%	$4,614.18
1998-04	0.41%	$4,633.25
1998-05	0.40%	$4,651.66
1998-06	0.44%	$4,671.91
1998-07	0.43%	$4,692.19
1998-08	0.41%	$4,711.40
1998-09	0.38%	$4,729.52
1998-10	0.35%	$4,745.87
1998-11	0.35%	$4,762.53
1998-12	0.38%	$4,780.82
1999-01	0.33%	$4,796.47
1999-02	0.34%	$4,812.55
1999-03	0.41%	$4,832.09
1999-04	0.36%	$4,849.39
1999-05	0.36%	$4,866.73
1999-06	0.40%	$4,886.17
1999-07	0.38%	$4,904.74
1999-08	0.41%	$4,924.99
1999-09	0.39%	$4,944.22
1999-10	0.41%	$4,964.25
1999-11	0.42%	$4,985.26
1999-12	0.45%	$5,007.93
2000-01	0.42%	$5,029.11
2000-02	0.44%	$5,051.30
2000-03	0.52%	$5,077.62
2000-04	0.43%	$5,099.33
2000-05	0.51%	$5,125.17
2000-06	0.50%	$5,150.67
2000-07	0.47%	$5,175.07
2000-08	0.56%	$5,203.93
2000-09	0.48%	$5,228.76
2000-10	0.53%	$5,256.70
2000-11	0.52%	$5,283.80
2000-12	0.46%	$5,308.04
2001-01	0.43%	$5,330.85
2001-02	0.37%	$5,350.51
2001-03	0.39%	$5,371.21
2001-04	0.31%	$5,387.74
2001-05	0.32%	$5,404.80
2001-06	0.29%	$5,420.52
2001-07	0.29%	$5,436.41
2001-08	0.31%	$5,453.12
2001-09	0.16%	$5,461.68
2001-10	0.20%	$5,472.44
2001-11	0.16%	$5,480.97
2001-12	0.13%	$5,488.32
2002-01	0.14%	$5,495.89
2002-02	0.13%	$5,503.04
2002-03	0.14%	$5,510.85
2002-04	0.15%	$5,519.10
2002-05	0.15%	$5,527.43
2002-06	0.13%	$5,534.89
2002-07	0.15%	$5,543.03
2002-08	0.14%	$5,550.85
2002-09	0.13%	$5,558.04
2002-10	0.14%	$5,566.05
2002-11	0.10%	$5,571.50
2002-12	0.10%	$5,577.03
2003-01	0.10%	$5,582.47
2003-02	0.09%	$5,587.38
2003-03	0.09%	$5,592.64
2003-04	0.09%	$5,597.92
2003-05	0.09%	$5,602.91
2003-06	0.08%	$5,607.19
2003-07	0.08%	$5,611.60
2003-08	0.08%	$5,616.04
2003-09	0.08%	$5,620.43
2003-10	0.08%	$5,625.15
2003-11	0.07%	$5,629.11
2003-12	0.08%	$5,633.52
2004-01	0.07%	$5,637.46
2004-02	0.07%	$5,641.40
2004-03	0.09%	$5,646.23
2004-04	0.08%	$5,650.67
2004-05	0.08%	$5,655.26
2004-06	0.11%	$5,661.23
2004-07	0.11%	$5,667.53
2004-08	0.13%	$5,674.85
2004-09	0.14%	$5,682.67
2004-10	0.15%	$5,691.00
2004-11	0.17%	$5,700.81
2004-12	0.19%	$5,711.71
2005-01	0.19%	$5,722.29
2005-02	0.19%	$5,733.26
2005-03	0.24%	$5,746.98
2005-04	0.23%	$5,760.31
2005-05	0.24%	$5,773.97
2005-06	0.26%	$5,788.97
2005-07	0.26%	$5,803.76
2005-08	0.31%	$5,822.02
2005-09	0.29%	$5,838.63
2005-10	0.31%	$5,856.65
2005-11	0.32%	$5,875.63
2005-12	0.32%	$5,894.69
2006-01	0.34%	$5,914.54
2006-02	0.33%	$5,934.34
2006-03	0.41%	$5,958.83
2006-04	0.35%	$5,979.54
2006-05	0.41%	$6,004.21
2006-06	0.42%	$6,029.37
2006-07	0.39%	$6,053.09
2006-08	0.45%	$6,080.55
2006-09	0.38%	$6,103.78
2006-10	0.43%	$6,130.02
2006-11	0.41%	$6,155.32
2006-12	0.39%	$6,179.04
2007-01	0.40%	$6,203.50
2007-02	0.38%	$6,227.05
2007-03	0.43%	$6,253.96
2007-04	0.39%	$6,278.16
2007-05	0.41%	$6,304.15
2007-06	0.38%	$6,328.42
2007-07	0.40%	$6,353.89
2007-08	0.38%	$6,378.30
2007-09	0.29%	$6,397.05
2007-10	0.36%	$6,419.85
2007-11	0.27%	$6,437.36
2007-12	0.24%	$6,452.68
2008-01	0.23%	$6,467.50
2008-02	0.17%	$6,478.42
2008-03	0.10%	$6,484.91
2008-04	0.11%	$6,492.24
2008-05	0.14%	$6,501.63
2008-06	0.15%	$6,511.69
2008-07	0.14%	$6,520.94
2008-08	0.14%	$6,530.30
2008-09	0.09%	$6,536.48
2008-10	0.06%	$6,540.39
2008-11	0.01%	$6,541.36
2008-12	0.00%	$6,541.56
2009-01	0.01%	$6,542.23
2009-02	0.02%	$6,543.69
2009-03	0.02%	$6,544.91
2009-04	0.01%	$6,545.77
2009-05	0.01%	$6,546.69
2009-06	0.02%	$6,547.70
2009-07	0.02%	$6,548.75
2009-08	0.01%	$6,549.68
2009-09	0.01%	$6,550.36
2009-10	0.01%	$6,550.78
2009-11	0.00%	$6,551.06
2009-12	0.00%	$6,551.37
2010-01	0.00%	$6,551.67
2010-02	0.01%	$6,552.21
2010-03	0.01%	$6,553.11
2010-04	0.01%	$6,554.00
2010-05	0.01%	$6,554.83
2010-06	0.01%	$6,555.54
2010-07	0.01%	$6,556.40
2010-08	0.01%	$6,557.29
2010-09	0.01%	$6,558.12
2010-10	0.01%	$6,558.85
2010-11	0.01%	$6,559.63
2010-12	0.01%	$6,560.43
2011-01	0.01%	$6,561.22
2011-02	0.01%	$6,561.88
2011-03	0.01%	$6,562.48
2011-04	0.00%	$6,562.78
2011-05	0.00%	$6,563.01
2011-06	0.00%	$6,563.22
2011-07	0.00%	$6,563.42
2011-08	0.00%	$6,563.56
2011-09	0.00%	$6,563.64
2011-10	0.00%	$6,563.74
2011-11	0.00%	$6,563.82
2011-12	0.00%	$6,563.88
2012-01	0.00%	$6,564.06
2012-02	0.01%	$6,564.54
2012-03	0.01%	$6,565.02
2012-04	0.01%	$6,565.46
2012-05	0.01%	$6,565.97
2012-06	0.01%	$6,566.47
2012-07	0.01%	$6,567.00
2012-08	0.01%	$6,567.62
2012-09	0.01%	$6,568.14
2012-10	0.01%	$6,568.71
2012-11	0.01%	$6,569.22
2012-12	0.01%	$6,569.58
2013-01	0.01%	$6,569.99
2013-02	0.01%	$6,570.48
2013-03	0.01%	$6,570.93
2013-04	0.01%	$6,571.28
2013-05	0.00%	$6,571.53
2013-06	0.00%	$6,571.79
2013-07	0.00%	$6,572.00
2013-08	0.00%	$6,572.25
2013-09	0.00%	$6,572.33
2013-10	0.00%	$6,572.62
2013-11	0.01%	$6,572.97
2013-12	0.01%	$6,573.34
2014-01	0.00%	$6,573.58
2014-02	0.00%	$6,573.84
2014-03	0.00%	$6,574.13
2014-04	0.00%	$6,574.29
2014-05	0.00%	$6,574.47
2014-06	0.00%	$6,574.67
2014-07	0.00%	$6,574.82
2014-08	0.00%	$6,575.00
2014-09	0.00%	$6,575.11
2014-10	0.00%	$6,575.21
2014-11	0.00%	$6,575.31
2014-12	0.00%	$6,575.48
2015-01	0.00%	$6,575.63
2015-02	0.00%	$6,575.71
2015-03	0.00%	$6,575.87
2015-04	0.00%	$6,576.00
2015-05	0.00%	$6,576.09
2015-06	0.00%	$6,576.17
2015-07	0.00%	$6,576.36
2015-08	0.01%	$6,576.75
2015-09	0.00%	$6,576.88
2015-10	0.00%	$6,576.96
2015-11	0.01%	$6,577.61
2015-12	0.02%	$6,578.92
2016-01	0.02%	$6,580.19
2016-02	0.02%	$6,581.82
2016-03	0.03%	$6,583.51
2016-04	0.02%	$6,584.76
2016-05	0.02%	$6,586.27
2016-06	0.02%	$6,587.82
2016-07	0.02%	$6,589.37
2016-08	0.03%	$6,591.16
2016-09	0.02%	$6,592.76
2016-10	0.03%	$6,594.56
2016-11	0.04%	$6,597.01
2016-12	0.04%	$6,599.79
2017-01	0.04%	$6,602.47
2017-02	0.04%	$6,605.07
2017-03	0.07%	$6,609.51
2017-04	0.06%	$6,613.49
2017-05	0.08%	$6,618.63
2017-06	0.09%	$6,624.31
2017-07	0.08%	$6,629.92
2017-08	0.09%	$6,636.06
2017-09	0.08%	$6,641.49
2017-10	0.09%	$6,647.71
2017-11	0.10%	$6,654.53
2017-12	0.10%	$6,661.51
2018-01	0.12%	$6,669.36
2018-02	0.12%	$6,677.25
2018-03	0.14%	$6,686.70
2018-04	0.15%	$6,696.50
2018-05	0.16%	$6,707.41
2018-06	0.16%	$6,718.03
2018-07	0.16%	$6,729.00
2018-08	0.19%	$6,741.50
2018-09	0.16%	$6,752.31
2018-10	0.21%	$6,766.17
2018-11	0.19%	$6,779.30
2018-12	0.18%	$6,791.40
2019-01	0.20%	$6,804.85
2019-02	0.18%	$6,817.11
2019-03	0.20%	$6,830.77
2019-04	0.20%	$6,844.35
2019-05	0.21%	$6,858.42
2019-06	0.17%	$6,870.25
2019-07	0.18%	$6,882.84
2019-08	0.17%	$6,894.57
2019-09	0.15%	$6,904.94
2019-10	0.15%	$6,915.33
2019-11	0.12%	$6,923.79
2019-12	0.13%	$6,932.65
2020-01	0.13%	$6,941.46
2020-02	0.11%	$6,949.39
2020-03	0.03%	$6,951.13
2020-04	0.01%	$6,951.93
2020-05	0.01%	$6,952.63
2020-06	0.01%	$6,953.60
2020-07	0.01%	$6,954.37
2020-08	0.01%	$6,954.97
2020-09	0.01%	$6,955.60
2020-10	0.01%	$6,956.21
2020-11	0.01%	$6,956.72
2020-12	0.01%	$6,957.25
2021-01	0.01%	$6,957.69
2021-02	0.00%	$6,957.91
2021-03	0.00%	$6,958.11
2021-04	0.00%	$6,958.23
2021-05	0.00%	$6,958.33
2021-06	0.00%	$6,958.55
2021-07	0.00%	$6,958.85
2021-08	0.00%	$6,959.18
2021-09	0.00%	$6,959.43
2021-10	0.00%	$6,959.73
2021-11	0.00%	$6,960.03
2021-12	0.01%	$6,960.39
2022-01	0.01%	$6,961.22
2022-02	0.02%	$6,962.93
2022-03	0.04%	$6,965.75
2022-04	0.06%	$6,969.97
2022-05	0.08%	$6,975.68
2022-06	0.12%	$6,984.37
2022-07	0.18%	$6,996.76
2022-08	0.24%	$7,013.58
2022-09	0.26%	$7,031.88
2022-10	0.31%	$7,053.57
2022-11	0.35%	$7,078.00
2022-12	0.35%	$7,103.12
2023-01	0.36%	$7,128.75
2023-02	0.35%	$7,153.81
2023-03	0.43%	$7,184.50
2023-04	0.37%	$7,211.26
2023-05	0.45%	$7,243.66
2023-06	0.43%	$7,274.86
2023-07	0.42%	$7,305.25
2023-08	0.48%	$7,340.65
2023-09	0.42%	$7,371.70
2023-10	0.47%	$7,406.12
2023-11	0.44%	$7,438.72
2023-12	0.42%	$7,469.72
2024-01	0.44%	$7,502.31
2024-02	0.42%	$7,533.57
2024-03	0.42%	$7,564.95
2024-04	0.46%	$7,599.64
2024-05	0.46%	$7,634.57
2024-06	0.40%	$7,664.81
2024-07	0.45%	$7,699.68
2024-08	0.44%	$7,733.68
2024-09	0.38%	$7,762.71
2024-10	0.41%	$7,794.74
2024-11	0.35%	$7,822.12
2024-12	0.36%	$7,850.01
2025-01	0.33%	$7,876.28
2025-02	0.32%	$7,901.35
2025-03	0.35%	$7,929.05
2025-04	0.35%	$7,956.91
2025-05	0.35%	$7,985.12
2025-06	0.34%	$8,011.99
2025-07	0.37%	$8,041.75
2025-08	0.34%	$8,069.43
2025-09	0.33%	$8,095.82
2025-10	0.05%	$8,099.54
