Year,Rank,Company,Market_Cap_Billions
1987,1,Company_1,0.0
1987,2,Company_2,0.0
1987,3,Company_3,0.0
1987,4,Company_4,0.0
1987,5,Company_5,0.0
1987,6,Company_6,0.0
1987,7,Company_7,0.0
1987,8,Company_8,0.0
1987,9,Company_9,0.0
1987,10,Company_10,0.0
1987,11,Company_11,0.0
1987,12,Company_12,0.0
1987,13,Company_13,0.0
1987,14,Company_14,0.0
1987,15,Company_15,0.0
1987,16,Company_16,0.0
1987,17,Company_17,0.0
1987,18,Company_18,0.0
1987,19,Company_19,0.0
1987,20,Company_20,0.0
1988,1,Company_1,0.0
1988,2,Company_2,0.0
1988,3,Company_3,0.0
1988,4,Company_4,0.0
1988,5,Company_5,0.0
1988,6,Company_6,0.0
1988,7,Company_7,0.0
1988,8,Company_8,0.0
1988,9,Company_9,0.0
1988,10,Company_10,0.0
1988,11,Company_11,0.0
1988,12,Company_12,0.0
1988,13,Company_13,0.0
1988,14,Company_14,0.0
1988,15,Company_15,0.0
1988,16,Company_16,0.0
1988,17,Company_17,0.0
1988,18,Company_18,0.0
1988,19,Company_19,0.0
1988,20,Company_20,0.0
1989,1,Company_1,0.0
1989,2,Company_2,0.0
1989,3,Company_3,0.0
1989,4,Company_4,0.0
1989,5,Company_5,0.0
1989,6,Company_6,0.0
1989,7,Company_7,0.0
1989,8,Company_8,0.0
1989,9,Company_9,0.0
1989,10,Company_10,0.0
1989,11,Company_11,0.0
1989,12,Company_12,0.0
1989,13,Company_13,0.0
1989,14,Company_14,0.0
1989,15,Company_15,0.0
1989,16,Company_16,0.0
1989,17,Company_17,0.0
1989,18,Company_18,0.0
1989,19,Company_19,0.0
1989,20,Company_20,0.0
1990,1,Company_1,0.0
1990,2,Company_2,0.0
1990,3,Company_3,0.0
1990,4,Company_4,0.0
1990,5,Company_5,0.0
1990,6,Company_6,0.0
1990,7,Company_7,0.0
1990,8,Company_8,0.0
1990,9,Company_9,0.0
1990,10,Company_10,0.0
1990,11,Company_11,0.0
1990,12,Company_12,0.0
1990,13,Company_13,0.0
1990,14,Company_14,0.0
1990,15,Company_15,0.0
1990,16,Company_16,0.0
1990,17,Company_17,0.0
1990,18,Company_18,0.0
1990,19,Company_19,0.0
1990,20,Company_20,0.0
1991,1,Company_1,0.0
1991,2,Company_2,0.0
1991,3,Company_3,0.0
1991,4,Company_4,0.0
1991,5,Company_5,0.0
1991,6,Company_6,0.0
1991,7,Company_7,0.0
1991,8,Company_8,0.0
1991,9,Company_9,0.0
1991,10,Company_10,0.0
1991,11,Company_11,0.0
1991,12,Company_12,0.0
1991,13,Company_13,0.0
1991,14,Company_14,0.0
1991,15,Company_15,0.0
1991,16,Company_16,0.0
1991,17,Company_17,0.0
1991,18,Company_18,0.0
1991,19,Company_19,0.0
1991,20,Company_20,0.0
1992,1,Company_1,0.0
1992,2,Company_2,0.0
1992,3,Company_3,0.0
1992,4,Company_4,0.0
1992,5,Company_5,0.0
1992,6,Company_6,0.0
1992,7,Company_7,0.0
1992,8,Company_8,0.0
1992,9,Company_9,0.0
1992,10,Company_10,0.0
1992,11,Company_11,0.0
1992,12,Company_12,0.0
1992,13,Company_13,0.0
1992,14,Company_14,0.0
1992,15,Company_15,0.0
1992,16,Company_16,0.0
1992,17,Company_17,0.0
1992,18,Company_18,0.0
1992,19,Company_19,0.0
1992,20,Company_20,0.0
1993,1,Company_1,0.0
1993,2,Company_2,0.0
1993,3,Company_3,0.0
1993,4,Company_4,0.0
1993,5,Company_5,0.0
1993,6,Company_6,0.0
1993,7,Company_7,0.0
1993,8,Company_8,0.0
1993,9,Company_9,0.0
1993,10,Company_10,0.0
1993,11,Company_11,0.0
1993,12,Company_12,0.0
1993,13,Company_13,0.0
1993,14,Company_14,0.0
1993,15,Company_15,0.0
1993,16,Company_16,0.0
1993,17,Company_17,0.0
1993,18,Company_18,0.0
1993,19,Company_19,0.0
1993,20,Company_20,0.0
1994,1,Company_1,0.0
1994,2,Company_2,0.0
1994,3,Company_3,0.0
1994,4,Company_4,0.0
1994,5,Company_5,0.0
1994,6,Company_6,0.0
1994,7,Company_7,0.0
1994,8,Company_8,0.0
1994,9,Company_9,0.0
1994,10,Company_10,0.0
1994,11,Company_11,0.0
1994,12,Company_12,0.0
1994,13,Company_13,0.0
1994,14,Company_14,0.0
1994,15,Company_15,0.0
1994,16,Company_16,0.0
1994,17,Company_17,0.0
1994,18,Company_18,0.0
1994,19,Company_19,0.0
1994,20,Company_20,0.0
1995,1,Company_1,0.0
1995,2,Company_2,0.0
1995,3,Company_3,0.0
1995,4,Company_4,0.0
1995,5,Company_5,0.0
1995,6,Company_6,0.0
1995,7,Company_7,0.0
1995,8,Company_8,0.0
1995,9,Company_9,0.0
1995,10,Company_10,0.0
1995,11,Company_11,0.0
1995,12,Company_12,0.0
1995,13,Company_13,0.0
1995,14,Company_14,0.0
1995,15,Company_15,0.0
1995,16,Company_16,0.0
1995,17,Company_17,0.0
1995,18,Company_18,0.0
1995,19,Company_19,0.0
1995,20,Company_20,0.0
1996,1,Company_1,0.0
1996,2,Company_2,0.0
1996,3,Company_3,0.0
1996,4,Company_4,0.0
1996,5,Company_5,0.0
1996,6,Company_6,0.0
1996,7,Company_7,0.0
1996,8,Company_8,0.0
1996,9,Company_9,0.0
1996,10,Company_10,0.0
1996,11,Company_11,0.0
1996,12,Company_12,0.0
1996,13,Company_13,0.0
1996,14,Company_14,0.0
1996,15,Company_15,0.0
1996,16,Company_16,0.0
1996,17,Company_17,0.0
1996,18,Company_18,0.0
1996,19,Company_19,0.0
1996,20,Company_20,0.0
1997,1,Company_1,0.0
1997,2,Company_2,0.0
1997,3,Company_3,0.0
1997,4,Company_4,0.0
1997,5,Company_5,0.0
1997,6,Company_6,0.0
1997,7,Company_7,0.0
1997,8,Company_8,0.0
1997,9,Company_9,0.0
1997,10,Company_10,0.0
1997,11,Company_11,0.0
1997,12,Company_12,0.0
1997,13,Company_13,0.0
1997,14,Company_14,0.0
1997,15,Company_15,0.0
1997,16,Company_16,0.0
1997,17,Company_17,0.0
1997,18,Company_18,0.0
1997,19,Company_19,0.0
1997,20,Company_20,0.0
1998,1,Company_1,0.0
1998,2,Company_2,0.0
1998,3,Company_3,0.0
1998,4,Company_4,0.0
1998,5,Company_5,0.0
1998,6,Company_6,0.0
1998,7,Company_7,0.0
1998,8,Company_8,0.0
1998,9,Company_9,0.0
1998,10,Company_10,0.0
1998,11,Company_11,0.0
1998,12,Company_12,0.0
1998,13,Company_13,0.0
1998,14,Company_14,0.0
1998,15,Company_15,0.0
1998,16,Company_16,0.0
1998,17,Company_17,0.0
1998,18,Company_18,0.0
1998,19,Company_19,0.0
1998,20,Company_20,0.0
1999,1,Company_1,0.0
1999,2,Company_2,0.0
1999,3,Company_3,0.0
1999,4,Company_4,0.0
1999,5,Company_5,0.0
1999,6,Company_6,0.0
1999,7,Company_7,0.0
1999,8,Company_8,0.0
1999,9,Company_9,0.0
1999,10,Company_10,0.0
1999,11,Company_11,0.0
1999,12,Company_12,0.0
1999,13,Company_13,0.0
1999,14,Company_14,0.0
1999,15,Company_15,0.0
1999,16,Company_16,0.0
1999,17,Company_17,0.0
1999,18,Company_18,0.0
1999,19,Company_19,0.0
1999,20,Company_20,0.0
2000,1,Company_1,0.0
2000,2,Company_2,0.0
2000,3,Company_3,0.0
2000,4,Company_4,0.0
2000,5,Company_5,0.0
2000,6,Company_6,0.0
2000,7,Company_7,0.0
2000,8,Company_8,0.0
2000,9,Company_9,0.0
2000,10,Company_10,0.0
2000,11,Company_11,0.0
2000,12,Company_12,0.0
2000,13,Company_13,0.0
2000,14,Company_14,0.0
2000,15,Company_15,0.0
2000,16,Company_16,0.0
2000,17,Company_17,0.0
2000,18,Company_18,0.0
2000,19,Company_19,0.0
2000,20,Company_20,0.0
2001,1,Company_1,0.0
2001,2,Company_2,0.0
2001,3,Company_3,0.0
2001,4,Company_4,0.0
2001,5,Company_5,0.0
2001,6,Company_6,0.0
2001,7,Company_7,0.0
2001,8,Company_8,0.0
2001,9,Company_9,0.0
2001,10,Company_10,0.0
2001,11,Company_11,0.0
2001,12,Company_12,0.0
2001,13,Company_13,0.0
2001,14,Company_14,0.0
2001,15,Company_15,0.0
2001,16,Company_16,0.0
2001,17,Company_17,0.0
2001,18,Company_18,0.0
2001,19,Company_19,0.0
2001,20,Company_20,0.0
2002,1,Company_1,0.0
2002,2,Company_2,0.0
2002,3,Company_3,0.0
2002,4,Company_4,0.0
2002,5,Company_5,0.0
2002,6,Company_6,0.0
2002,7,Company_7,0.0
2002,8,Company_8,0.0
2002,9,Company_9,0.0
2002,10,Company_10,0.0
2002,11,Company_11,0.0
2002,12,Company_12,0.0
2002,13,Company_13,0.0
2002,14,Company_14,0.0
2002,15,Company_15,0.0
2002,16,Company_16,0.0
2002,17,Company_17,0.0
2002,18,Company_18,0.0
2002,19,Company_19,0.0
2002,20,Company_20,0.0
2003,1,Company_1,0.0
2003,2,Company_2,0.0
2003,3,Company_3,0.0
2003,4,Company_4,0.0
2003,5,Company_5,0.0
2003,6,Company_6,0.0
2003,7,Company_7,0.0
2003,8,Company_8,0.0
2003,9,Company_9,0.0
2003,10,Company_10,0.0
2003,11,Company_11,0.0
2003,12,Company_12,0.0
2003,13,Company_13,0.0
2003,14,Company_14,0.0
2003,15,Company_15,0.0
2003,16,Company_16,0.0
2003,17,Company_17,0.0
2003,18,Company_18,0.0
2003,19,Company_19,0.0
2003,20,Company_20,0.0
2004,1,Company_1,0.0
2004,2,Company_2,0.0
2004,3,Company_3,0.0
2004,4,Company_4,0.0
2004,5,Company_5,0.0
2004,6,Company_6,0.0
2004,7,Company_7,0.0
2004,8,Company_8,0.0
2004,9,Company_9,0.0
2004,10,Company_10,0.0
2004,11,Company_11,0.0
2004,12,Company_12,0.0
2004,13,Company_13,0.0
2004,14,Company_14,0.0
2004,15,Company_15,0.0
2004,16,Company_16,0.0
2004,17,Company_17,0.0
2004,18,Company_18,0.0
2004,19,Company_19,0.0
2004,20,Company_20,0.0
2005,1,Company_1,0.0
2005,2,Company_2,0.0
2005,3,Company_3,0.0
2005,4,Company_4,0.0
2005,5,Company_5,0.0
2005,6,Company_6,0.0
2005,7,Company_7,0.0
2005,8,Company_8,0.0
2005,9,Company_9,0.0
2005,10,Company_10,0.0
2005,11,Company_11,0.0
2005,12,Company_12,0.0
2005,13,Company_13,0.0
2005,14,Company_14,0.0
2005,15,Company_15,0.0
2005,16,Company_16,0.0
2005,17,Company_17,0.0
2005,18,Company_18,0.0
2005,19,Company_19,0.0
2005,20,Company_20,0.0
2006,1,Company_1,0.0
2006,2,Company_2,0.0
2006,3,Company_3,0.0
2006,4,Company_4,0.0
2006,5,Company_5,0.0
2006,6,Company_6,0.0
2006,7,Company_7,0.0
2006,8,Company_8,0.0
2006,9,Company_9,0.0
2006,10,Company_10,0.0
2006,11,Company_11,0.0
2006,12,Company_12,0.0
2006,13,Company_13,0.0
2006,14,Company_14,0.0
2006,15,Company_15,0.0
2006,16,Company_16,0.0
2006,17,Company_17,0.0
2006,18,Company_18,0.0
2006,19,Company_19,0.0
2006,20,Company_20,0.0
2007,1,Company_1,0.0
2007,2,Company_2,0.0
2007,3,Company_3,0.0
2007,4,Company_4,0.0
2007,5,Company_5,0.0
2007,6,Company_6,0.0
2007,7,Company_7,0.0
2007,8,Company_8,0.0
2007,9,Company_9,0.0
2007,10,Company_10,0.0
2007,11,Company_11,0.0
2007,12,Company_12,0.0
2007,13,Company_13,0.0
2007,14,Company_14,0.0
2007,15,Company_15,0.0
2007,16,Company_16,0.0
2007,17,Company_17,0.0
2007,18,Company_18,0.0
2007,19,Company_19,0.0
2007,20,Company_20,0.0
2008,1,Company_1,0.0
2008,2,Company_2,0.0
2008,3,Company_3,0.0
2008,4,Company_4,0.0
2008,5,Company_5,0.0
2008,6,Company_6,0.0
2008,7,Company_7,0.0
2008,8,Company_8,0.0
2008,9,Company_9,0.0
2008,10,Company_10,0.0
2008,11,Company_11,0.0
2008,12,Company_12,0.0
2008,13,Company_13,0.0
2008,14,Company_14,0.0
2008,15,Company_15,0.0
2008,16,Company_16,0.0
2008,17,Company_17,0.0
2008,18,Company_18,0.0
2008,19,Company_19,0.0
2008,20,Company_20,0.0
2009,1,Company_1,0.0
2009,2,Company_2,0.0
2009,3,Company_3,0.0
2009,4,Company_4,0.0
2009,5,Company_5,0.0
2009,6,Company_6,0.0
2009,7,Company_7,0.0
2009,8,Company_8,0.0
2009,9,Company_9,0.0
2009,10,Company_10,0.0
2009,11,Company_11,0.0
2009,12,Company_12,0.0
2009,13,Company_13,0.0
2009,14,Company_14,0.0
2009,15,Company_15,0.0
2009,16,Company_16,0.0
2009,17,Company_17,0.0
2009,18,Company_18,0.0
2009,19,Company_19,0.0
2009,20,Company_20,0.0
2010,1,Company_1,0.0
2010,2,Company_2,0.0
2010,3,Company_3,0.0
2010,4,Company_4,0.0
2010,5,Company_5,0.0
2010,6,Company_6,0.0
2010,7,Company_7,0.0
2010,8,Company_8,0.0
2010,9,Company_9,0.0
2010,10,Company_10,0.0
2010,11,Company_11,0.0
2010,12,Company_12,0.0
2010,13,Company_13,0.0
2010,14,Company_14,0.0
2010,15,Company_15,0.0
2010,16,Company_16,0.0
2010,17,Company_17,0.0
2010,18,Company_18,0.0
2010,19,Company_19,0.0
2010,20,Company_20,0.0
2011,1,Company_1,0.0
2011,2,Company_2,0.0
2011,3,Company_3,0.0
2011,4,Company_4,0.0
2011,5,Company_5,0.0
2011,6,Company_6,0.0
2011,7,Company_7,0.0
2011,8,Company_8,0.0
2011,9,Company_9,0.0
2011,10,Company_10,0.0
2011,11,Company_11,0.0
2011,12,Company_12,0.0
2011,13,Company_13,0.0
2011,14,Company_14,0.0
2011,15,Company_15,0.0
2011,16,Company_16,0.0
2011,17,Company_17,0.0
2011,18,Company_18,0.0
2011,19,Company_19,0.0
2011,20,Company_20,0.0
2012,1,Company_1,0.0
2012,2,Company_2,0.0
2012,3,Company_3,0.0
2012,4,Company_4,0.0
2012,5,Company_5,0.0
2012,6,Company_6,0.0
2012,7,Company_7,0.0
2012,8,Company_8,0.0
2012,9,Company_9,0.0
2012,10,Company_10,0.0
2012,11,Company_11,0.0
2012,12,Company_12,0.0
2012,13,Company_13,0.0
2012,14,Company_14,0.0
2012,15,Company_15,0.0
2012,16,Company_16,0.0
2012,17,Company_17,0.0
2012,18,Company_18,0.0
2012,19,Company_19,0.0
2012,20,Company_20,0.0
2013,1,Company_1,0.0
2013,2,Company_2,0.0
2013,3,Company_3,0.0
2013,4,Company_4,0.0
2013,5,Company_5,0.0
2013,6,Company_6,0.0
2013,7,Company_7,0.0
2013,8,Company_8,0.0
2013,9,Company_9,0.0
2013,10,Company_10,0.0
2013,11,Company_11,0.0
2013,12,Company_12,0.0
2013,13,Company_13,0.0
2013,14,Company_14,0.0
2013,15,Company_15,0.0
2013,16,Company_16,0.0
2013,17,Company_17,0.0
2013,18,Company_18,0.0
2013,19,Company_19,0.0
2013,20,Company_20,0.0
2014,1,Company_1,0.0
2014,2,Company_2,0.0
2014,3,Company_3,0.0
2014,4,Company_4,0.0
2014,5,Company_5,0.0
2014,6,Company_6,0.0
2014,7,Company_7,0.0
2014,8,Company_8,0.0
2014,9,Company_9,0.0
2014,10,Company_10,0.0
2014,11,Company_11,0.0
2014,12,Company_12,0.0
2014,13,Company_13,0.0
2014,14,Company_14,0.0
2014,15,Company_15,0.0
2014,16,Company_16,0.0
2014,17,Company_17,0.0
2014,18,Company_18,0.0
2014,19,Company_19,0.0
2014,20,Company_20,0.0
2015,1,Company_1,0.0
2015,2,Company_2,0.0
2015,3,Company_3,0.0
2015,4,Company_4,0.0
2015,5,Company_5,0.0
2015,6,Company_6,0.0
2015,7,Company_7,0.0
2015,8,Company_8,0.0
2015,9,Company_9,0.0
2015,10,Company_10,0.0
2015,11,Company_11,0.0
2015,12,Company_12,0.0
2015,13,Company_13,0.0
2015,14,Company_14,0.0
2015,15,Company_15,0.0
2015,16,Company_16,0.0
2015,17,Company_17,0.0
2015,18,Company_18,0.0
2015,19,Company_19,0.0
2015,20,Company_20,0.0
2016,1,Company_1,0.0
2016,2,Company_2,0.0
2016,3,Company_3,0.0
2016,4,Company_4,0.0
2016,5,Company_5,0.0
2016,6,Company_6,0.0
2016,7,Company_7,0.0
2016,8,Company_8,0.0
2016,9,Company_9,0.0
2016,10,Company_10,0.0
2016,11,Company_11,0.0
2016,12,Company_12,0.0
2016,13,Company_13,0.0
2016,14,Company_14,0.0
2016,15,Company_15,0.0
2016,16,Company_16,0.0
2016,17,Company_17,0.0
2016,18,Company_18,0.0
2016,19,Company_19,0.0
2016,20,Company_20,0.0
2017,1,Company_1,0.0
2017,2,Company_2,0.0
2017,3,Company_3,0.0
2017,4,Company_4,0.0
2017,5,Company_5,0.0
2017,6,Company_6,0.0
2017,7,Company_7,0.0
2017,8,Company_8,0.0
2017,9,Company_9,0.0
2017,10,Company_10,0.0
2017,11,Company_11,0.0
2017,12,Company_12,0.0
2017,13,Company_13,0.0
2017,14,Company_14,0.0
2017,15,Company_15,0.0
2017,16,Company_16,0.0
2017,17,Company_17,0.0
2017,18,Company_18,0.0
2017,19,Company_19,0.0
2017,20,Company_20,0.0
2018,1,Company_1,0.0
2018,2,Company_2,0.0
2018,3,Company_3,0.0
2018,4,Company_4,0.0
2018,5,Company_5,0.0
2018,6,Company_6,0.0
2018,7,Company_7,0.0
2018,8,Company_8,0.0
2018,9,Company_9,0.0
2018,10,Company_10,0.0
2018,11,Company_11,0.0
2018,12,Company_12,0.0
2018,13,Company_13,0.0
2018,14,Company_14,0.0
2018,15,Company_15,0.0
2018,16,Company_16,0.0
2018,17,Company_17,0.0
2018,18,Company_18,0.0
2018,19,Company_19,0.0
2018,20,Company_20,0.0
2019,1,Company_1,0.0
2019,2,Company_2,0.0
2019,3,Company_3,0.0
2019,4,Company_4,0.0
2019,5,Company_5,0.0
2019,6,Company_6,0.0
2019,7,Company_7,0.0
2019,8,Company_8,0.0
2019,9,Company_9,0.0
2019,10,Company_10,0.0
2019,11,Company_11,0.0
2019,12,Company_12,0.0
2019,13,Company_13,0.0
2019,14,Company_14,0.0
2019,15,Company_15,0.0
2019,16,Company_16,0.0
2019,17,Company_17,0.0
2019,18,Company_18,0.0
2019,19,Company_19,0.0
2019,20,Company_20,0.0
2020,1,Company_1,0.0
2020,2,Company_2,0.0
2020,3,Company_3,0.0
2020,4,Company_4,0.0
2020,5,Company_5,0.0
2020,6,Company_6,0.0
2020,7,Company_7,0.0
2020,8,Company_8,0.0
2020,9,Company_9,0.0
2020,10,Company_10,0.0
2020,11,Company_11,0.0
2020,12,Company_12,0.0
2020,13,Company_13,0.0
2020,14,Company_14,0.0
2020,15,Company_15,0.0
2020,16,Company_16,0.0
2020,17,Company_17,0.0
2020,18,Company_18,0.0
2020,19,Company_19,0.0
2020,20,Company_20,0.0
2021,1,Company_1,0.0
2021,2,Company_2,0.0
2021,3,Company_3,0.0
2021,4,Company_4,0.0
2021,5,Company_5,0.0
2021,6,Company_6,0.0
2021,7,Company_7,0.0
2021,8,Company_8,0.0
2021,9,Company_9,0.0
2021,10,Company_10,0.0
2021,11,Company_11,0.0
2021,12,Company_12,0.0
2021,13,Company_13,0.0
2021,14,Company_14,0.0
2021,15,Company_15,0.0
2021,16,Company_16,0.0
2021,17,Company_17,0.0
2021,18,Company_18,0.0
2021,19,Company_19,0.0
2021,20,Company_20,0.0
2022,1,Company_1,0.0
2022,2,Company_2,0.0
2022,3,Company_3,0.0
2022,4,Company_4,0.0
2022,5,Company_5,0.0
2022,6,Company_6,0.0
2022,7,Company_7,0.0
2022,8,Company_8,0.0
2022,9,Company_9,0.0
2022,10,Company_10,0.0
2022,11,Company_11,0.0
2022,12,Company_12,0.0
2022,13,Company_13,0.0
2022,14,Company_14,0.0
2022,15,Company_15,0.0
2022,16,Company_16,0.0
2022,17,Company_17,0.0
2022,18,Company_18,0.0
2022,19,Company_19,0.0
2022,20,Company_20,0.0
2023,1,Company_1,0.0
2023,2,Company_2,0.0
2023,3,Company_3,0.0
2023,4,Company_4,0.0
2023,5,Company_5,0.0
2023,6,Company_6,0.0
2023,7,Company_7,0.0
2023,8,Company_8,0.0
2023,9,Company_9,0.0
2023,10,Company_10,0.0
2023,11,Company_11,0.0
2023,12,Company_12,0.0
2023,13,Company_13,0.0
2023,14,Company_14,0.0
2023,15,Company_15,0.0
2023,16,Company_16,0.0
2023,17,Company_17,0.0
2023,18,Company_18,0.0
2023,19,Company_19,0.0
2023,20,Company_20,0.0
